Region,Resultat,Ã…r,Barnfattigdomsindex
00,3,2019,35.4
00,3,2018,34.7
00,3,2017,33.8
00,3,2016,32.6
00,3,2015,31.3
00,3,2014,30.3
00,3,2013,29.3
00,3,2012,28.3
00,3,2011,27.5
00,3,2010,26.7
00,3,2009,25.9
00,3,2008,25.0
00,1,2019,23.1
00,1,2018,23.5
00,1,2017,25.9
00,1,2016,26.6
00,1,2015,27.4
00,1,2014,28.4
00,1,2013,29.3
00,1,2012,29.1
00,1,2011,29.8
00,1,2010,31.2
00,1,2009,31.9
00,1,2008,29.5
00,2,2019,3.2
00,2,2018,3.1
00,2,2017,3.4
00,2,2016,3.6
00,2,2015,4.1
00,2,2014,4.5
00,2,2013,4.9
00,2,2012,5.2
00,2,2011,5.5
00,2,2010,6.0
00,2,2009,6.3
00,2,2008,5.4
00,1+2,2019,10.2
00,1+2,2018,10.2
00,1+2,2017,11.0
00,1+2,2016,11.1
00,1+2,2015,11.4
00,1+2,2014,11.8
00,1+2,2013,12.0
00,1+2,2012,12.0
00,1+2,2011,12.1
00,1+2,2010,12.7
00,1+2,2009,12.9
00,1+2,2008,11.5
14,3,2019,35.5
14,3,2018,34.8
14,3,2017,33.8
14,3,2016,32.7
14,3,2015,31.4
14,3,2014,30.4
14,3,2013,29.4
14,3,2012,28.3
14,3,2011,27.4
14,3,2010,26.7
14,3,2009,26.0
14,3,2008,25.3
14,1,2019,21.7
14,1,2018,22.5
14,1,2017,25.1
14,1,2016,26.3
14,1,2015,27.8
14,1,2014,29.1
14,1,2013,29.5
14,1,2012,28.9
14,1,2011,29.5
14,1,2010,30.7
14,1,2009,31.2
14,1,2008,29.1
14,2,2019,2.9
14,2,2018,2.8
14,2,2017,3.1
14,2,2016,3.4
14,2,2015,3.9
14,2,2014,4.3
14,2,2013,4.7
14,2,2012,4.9
14,2,2011,5.1
14,2,2010,5.7
14,2,2009,5.9
14,2,2008,5.1
14,1+2,2019,9.5
14,1+2,2018,9.7
14,1+2,2017,10.5
14,1+2,2016,10.9
14,1+2,2015,11.4
14,1+2,2014,11.8
14,1+2,2013,12.0
14,1+2,2012,11.7
14,1+2,2011,11.8
14,1+2,2010,12.3
14,1+2,2009,12.5
14,1+2,2008,11.1
1401,3,2019,19.9
1401,3,2018,19.6
1401,3,2017,18.8
1401,3,2016,18.1
1401,3,2015,17.2
1401,3,2014,16.9
1401,3,2013,16.7
1401,3,2012,16.4
1401,3,2011,16.5
1401,3,2010,16.3
1401,3,2009,16.0
1401,3,2008,16.2
1401,1,2019,10.1
1401,1,2018,12.2
1401,1,2017,13.4
1401,1,2016,11.3
1401,1,2015,10.9
1401,1,2014,12.4
1401,1,2013,12.0
1401,1,2012,11.3
1401,1,2011,14.6
1401,1,2010,14.1
1401,1,2009,14.3
1401,1,2008,15.1
1401,2,2019,1.2
1401,2,2018,1.3
1401,2,2017,1.8
1401,2,2016,1.6
1401,2,2015,1.9
1401,2,2014,1.9
1401,2,2013,2.4
1401,2,2012,2.1
1401,2,2011,2.8
1401,2,2010,3.5
1401,2,2009,3.1
1401,2,2008,2.8
1401,1+2,2019,3.0
1401,1+2,2018,3.5
1401,1+2,2017,3.9
1401,1+2,2016,3.4
1401,1+2,2015,3.5
1401,1+2,2014,3.7
1401,1+2,2013,4.0
1401,1+2,2012,3.6
1401,1+2,2011,4.8
1401,1+2,2010,5.2
1401,1+2,2009,4.9
1401,1+2,2008,4.8
1402,3,2019,31.7
1402,3,2018,30.9
1402,3,2017,29.4
1402,3,2016,28.1
1402,3,2015,26.4
1402,3,2014,25.3
1402,3,2013,24.5
1402,3,2012,24.2
1402,3,2011,23.8
1402,3,2010,23.5
1402,3,2009,23.4
1402,3,2008,22.8
1402,1,2019,13.3
1402,1,2018,14.3
1402,1,2017,14.2
1402,1,2016,13.7
1402,1,2015,12.4
1402,1,2014,14.3
1402,1,2013,14.1
1402,1,2012,14.5
1402,1,2011,14.1
1402,1,2010,15.1
1402,1,2009,17.1
1402,1,2008,15.6
1402,2,2019,1.4
1402,2,2018,1.5
1402,2,2017,1.7
1402,2,2016,2.1
1402,2,2015,2.1
1402,2,2014,2.6
1402,2,2013,2.4
1402,2,2012,2.7
1402,2,2011,2.9
1402,2,2010,3.5
1402,2,2009,3.9
1402,2,2008,3.4
1402,1+2,2019,5.1
1402,1+2,2018,5.4
1402,1+2,2017,5.4
1402,1+2,2016,5.4
1402,1+2,2015,4.8
1402,1+2,2014,5.5
1402,1+2,2013,5.3
1402,1+2,2012,5.6
1402,1+2,2011,5.6
1402,1+2,2010,6.2
1402,1+2,2009,7.0
1402,1+2,2008,6.1
1407,3,2019,14.2
1407,3,2018,13.7
1407,3,2017,12.5
1407,3,2016,10.9
1407,3,2015,9.5
1407,3,2014,9.5
1407,3,2013,9.2
1407,3,2012,8.9
1407,3,2011,8.3
1407,3,2010,7.8
1407,3,2009,7.5
1407,3,2008,7.4
1407,1,2019,20.5
1407,1,2018,20.3
1407,1,2017,16.1
1407,1,2016,21.6
1407,1,2015,13.2
1407,1,2014,15.3
1407,1,2013,15.3
1407,1,2012,13.6
1407,1,2011,11.7
1407,1,2010,11.3
1407,1,2009,14.2
1407,1,2008,15.0
1407,2,2019,1.7
1407,2,2018,2.3
1407,2,2017,3.1
1407,2,2016,2.8
1407,2,2015,3.2
1407,2,2014,2.9
1407,2,2013,3.9
1407,2,2012,3.9
1407,2,2011,3.8
1407,2,2010,4.4
1407,2,2009,4.8
1407,2,2008,4.0
1407,1+2,2019,4.4
1407,1+2,2018,4.7
1407,1+2,2017,4.7
1407,1+2,2016,4.8
1407,1+2,2015,4.1
1407,1+2,2014,4.1
1407,1+2,2013,5.0
1407,1+2,2012,4.8
1407,1+2,2011,4.4
1407,1+2,2010,5.0
1407,1+2,2009,5.5
1407,1+2,2008,4.8
1415,3,2019,20.4
1415,3,2018,20.2
1415,3,2017,19.3
1415,3,2016,18.0
1415,3,2015,16.7
1415,3,2014,16.2
1415,3,2013,15.5
1415,3,2012,15.3
1415,3,2011,15.3
1415,3,2010,14.7
1415,3,2009,14.2
1415,3,2008,14.0
1415,1,2019,17.7
1415,1,2018,15.5
1415,1,2017,17.9
1415,1,2016,17.6
1415,1,2015,17.0
1415,1,2014,19.5
1415,1,2013,15.9
1415,1,2012,17.5
1415,1,2011,17.8
1415,1,2010,19.1
1415,1,2009,17.8
1415,1,2008,17.4
1415,2,2019,2.3
1415,2,2018,2.1
1415,2,2017,2.2
1415,2,2016,2.2
1415,2,2015,2.2
1415,2,2014,2.6
1415,2,2013,3.3
1415,2,2012,4.3
1415,2,2011,4.2
1415,2,2010,4.6
1415,2,2009,4.4
1415,2,2008,4.3
1415,1+2,2019,5.4
1415,1+2,2018,4.8
1415,1+2,2017,5.2
1415,1+2,2016,5.0
1415,1+2,2015,4.7
1415,1+2,2014,5.3
1415,1+2,2013,5.2
1415,1+2,2012,6.3
1415,1+2,2011,6.3
1415,1+2,2010,6.7
1415,1+2,2009,6.3
1415,1+2,2008,6.1
1419,3,2019,18.1
1419,3,2018,17.9
1419,3,2017,16.7
1419,3,2016,15.7
1419,3,2015,14.2
1419,3,2014,13.8
1419,3,2013,13.1
1419,3,2012,11.8
1419,3,2011,11.7
1419,3,2010,11.8
1419,3,2009,12.1
1419,3,2008,11.4
1419,1,2019,20.2
1419,1,2018,21.2
1419,1,2017,22.9
1419,1,2016,18.3
1419,1,2015,20.1
1419,1,2014,23.6
1419,1,2013,16.0
1419,1,2012,18.9
1419,1,2011,18.2
1419,1,2010,20.9
1419,1,2009,26.5
1419,1,2008,22.2
1419,2,2019,2.9
1419,2,2018,3.2
1419,2,2017,3.1
1419,2,2016,3.8
1419,2,2015,4.5
1419,2,2014,4.7
1419,2,2013,4.9
1419,2,2012,5.0
1419,2,2011,5.3
1419,2,2010,6.8
1419,2,2009,6.2
1419,2,2008,5.3
1419,1+2,2019,6.1
1419,1+2,2018,6.4
1419,1+2,2017,6.4
1419,1+2,2016,6.0
1419,1+2,2015,6.7
1419,1+2,2014,7.3
1419,1+2,2013,6.3
1419,1+2,2012,6.7
1419,1+2,2011,6.8
1419,1+2,2010,8.5
1419,1+2,2009,8.6
1419,1+2,2008,7.3
1421,3,2019,18.0
1421,3,2018,17.0
1421,3,2017,17.0
1421,3,2016,15.3
1421,3,2015,14.7
1421,3,2014,14.3
1421,3,2013,13.1
1421,3,2012,12.6
1421,3,2011,11.7
1421,3,2010,11.6
1421,3,2009,11.7
1421,3,2008,10.7
1421,1,2019,16.9
1421,1,2018,19.5
1421,1,2017,23.6
1421,1,2016,26.3
1421,1,2015,23.3
1421,1,2014,21.5
1421,1,2013,20.3
1421,1,2012,19.8
1421,1,2011,15.1
1421,1,2010,17.9
1421,1,2009,15.8
1421,1,2008,13.7
1421,2,2019,3.7
1421,2,2018,3.4
1421,2,2017,3.8
1421,2,2016,5.4
1421,2,2015,5.1
1421,2,2014,4.8
1421,2,2013,5.9
1421,2,2012,5.4
1421,2,2011,5.4
1421,2,2010,5.9
1421,2,2009,8.3
1421,2,2008,6.5
1421,1+2,2019,6.0
1421,1+2,2018,6.2
1421,1+2,2017,7.2
1421,1+2,2016,8.6
1421,1+2,2015,7.7
1421,1+2,2014,7.2
1421,1+2,2013,7.8
1421,1+2,2012,7.2
1421,1+2,2011,6.5
1421,1+2,2010,7.3
1421,1+2,2009,9.1
1421,1+2,2008,7.3
1427,3,2019,22.2
1427,3,2018,21.6
1427,3,2017,20.2
1427,3,2016,17.9
1427,3,2015,16.6
1427,3,2014,16.9
1427,3,2013,17.3
1427,3,2012,16.5
1427,3,2011,15.3
1427,3,2010,14.5
1427,3,2009,13.9
1427,3,2008,12.3
1427,1,2019,20.7
1427,1,2018,25.6
1427,1,2017,25.6
1427,1,2016,22.3
1427,1,2015,10.0
1427,1,2014,16.1
1427,1,2013,16.5
1427,1,2012,16.7
1427,1,2011,17.6
1427,1,2010,19.5
1427,1,2009,16.2
1427,1,2008,13.8
1427,2,2019,4.9
1427,2,2018,5.0
1427,2,2017,5.8
1427,2,2016,5.7
1427,2,2015,6.5
1427,2,2014,6.3
1427,2,2013,6.5
1427,2,2012,8.1
1427,2,2011,8.5
1427,2,2010,9.0
1427,2,2009,7.8
1427,2,2008,6.9
1427,1+2,2019,8.4
1427,1+2,2018,9.4
1427,1+2,2017,9.8
1427,1+2,2016,8.6
1427,1+2,2015,7.1
1427,1+2,2014,8.0
1427,1+2,2013,8.2
1427,1+2,2012,9.6
1427,1+2,2011,9.9
1427,1+2,2010,10.5
1427,1+2,2009,8.9
1427,1+2,2008,7.8
1430,3,2019,22.8
1430,3,2018,23.4
1430,3,2017,22.3
1430,3,2016,20.5
1430,3,2015,17.3
1430,3,2014,15.7
1430,3,2013,15.0
1430,3,2012,14.8
1430,3,2011,14.4
1430,3,2010,14.1
1430,3,2009,13.8
1430,3,2008,13.6
1430,1,2019,25.8
1430,1,2018,33.0
1430,1,2017,32.8
1430,1,2016,31.9
1430,1,2015,29.2
1430,1,2014,32.1
1430,1,2013,32.3
1430,1,2012,32.7
1430,1,2011,33.8
1430,1,2010,35.6
1430,1,2009,42.4
1430,1,2008,39.2
1430,2,2019,5.0
1430,2,2018,4.2
1430,2,2017,4.3
1430,2,2016,4.7
1430,2,2015,7.2
1430,2,2014,7.4
1430,2,2013,8.8
1430,2,2012,6.9
1430,2,2011,8.5
1430,2,2010,9.7
1430,2,2009,9.5
1430,2,2008,9.2
1430,1+2,2019,9.7
1430,1+2,2018,10.9
1430,1+2,2017,10.7
1430,1+2,2016,10.3
1430,1+2,2015,11.0
1430,1+2,2014,11.3
1430,1+2,2013,12.3
1430,1+2,2012,10.7
1430,1+2,2011,12.2
1430,1+2,2010,13.3
1430,1+2,2009,14.0
1430,1+2,2008,13.2
1435,3,2019,26.6
1435,3,2018,27.6
1435,3,2017,26.0
1435,3,2016,23.4
1435,3,2015,21.6
1435,3,2014,19.8
1435,3,2013,19.0
1435,3,2012,18.8
1435,3,2011,18.1
1435,3,2010,18.0
1435,3,2009,16.4
1435,3,2008,15.4
1435,1,2019,28.7
1435,1,2018,33.0
1435,1,2017,35.7
1435,1,2016,34.5
1435,1,2015,35.4
1435,1,2014,31.9
1435,1,2013,30.0
1435,1,2012,27.8
1435,1,2011,33.1
1435,1,2010,32.1
1435,1,2009,33.0
1435,1,2008,29.7
1435,2,2019,5.4
1435,2,2018,4.7
1435,2,2017,6.2
1435,2,2016,5.5
1435,2,2015,5.7
1435,2,2014,6.8
1435,2,2013,5.6
1435,2,2012,7.3
1435,2,2011,8.2
1435,2,2010,8.5
1435,2,2009,8.2
1435,2,2008,7.4
1435,1+2,2019,11.5
1435,1+2,2018,12.5
1435,1+2,2017,13.9
1435,1+2,2016,12.3
1435,1+2,2015,12.1
1435,1+2,2014,11.8
1435,1+2,2013,10.3
1435,1+2,2012,11.1
1435,1+2,2011,12.7
1435,1+2,2010,12.7
1435,1+2,2009,12.3
1435,1+2,2008,10.9
1438,3,2019,25.6
1438,3,2018,26.3
1438,3,2017,24.9
1438,3,2016,24.9
1438,3,2015,25.5
1438,3,2014,23.0
1438,3,2013,22.1
1438,3,2012,18.8
1438,3,2011,20.1
1438,3,2010,19.2
1438,3,2009,20.0
1438,3,2008,21.4
1438,1,2019,31.5
1438,1,2018,29.0
1438,1,2017,36.0
1438,1,2016,37.7
1438,1,2015,33.3
1438,1,2014,34.8
1438,1,2013,34.7
1438,1,2012,19.9
1438,1,2011,28.8
1438,1,2010,25.9
1438,1,2009,29.8
1438,1,2008,28.8
1438,2,2019,8.6
1438,2,2018,7.0
1438,2,2017,7.5
1438,2,2016,9.2
1438,2,2015,8.3
1438,2,2014,9.2
1438,2,2013,11.9
1438,2,2012,10.4
1438,2,2011,8.9
1438,2,2010,13.8
1438,2,2009,11.1
1438,2,2008,9.9
1438,1+2,2019,14.5
1438,1+2,2018,12.8
1438,1+2,2017,14.6
1438,1+2,2016,16.3
1438,1+2,2015,14.7
1438,1+2,2014,15.1
1438,1+2,2013,16.9
1438,1+2,2012,12.1
1438,1+2,2011,12.9
1438,1+2,2010,16.1
1438,1+2,2009,14.8
1438,1+2,2008,13.9
1439,3,2019,24.3
1439,3,2018,23.8
1439,3,2017,23.2
1439,3,2016,23.6
1439,3,2015,20.4
1439,3,2014,17.6
1439,3,2013,18.2
1439,3,2012,16.2
1439,3,2011,17.0
1439,3,2010,16.3
1439,3,2009,15.1
1439,3,2008,14.8
1439,1,2019,27.4
1439,1,2018,37.6
1439,1,2017,53.9
1439,1,2016,49.2
1439,1,2015,47.7
1439,1,2014,40.6
1439,1,2013,33.2
1439,1,2012,32.3
1439,1,2011,30.4
1439,1,2010,41.8
1439,1,2009,45.4
1439,1,2008,41.1
1439,2,2019,4.2
1439,2,2018,6.9
1439,2,2017,6.9
1439,2,2016,9.0
1439,2,2015,8.4
1439,2,2014,10.8
1439,2,2013,9.6
1439,2,2012,9.3
1439,2,2011,7.4
1439,2,2010,7.2
1439,2,2009,7.6
1439,2,2008,6.7
1439,1+2,2019,9.8
1439,1+2,2018,14.2
1439,1+2,2017,17.8
1439,1+2,2016,18.5
1439,1+2,2015,16.4
1439,1+2,2014,16.1
1439,1+2,2013,13.8
1439,1+2,2012,13.0
1439,1+2,2011,11.3
1439,1+2,2010,12.9
1439,1+2,2009,13.3
1439,1+2,2008,11.8
1440,3,2019,31.4
1440,3,2018,29.8
1440,3,2017,28.5
1440,3,2016,26.6
1440,3,2015,25.4
1440,3,2014,24.4
1440,3,2013,23.5
1440,3,2012,22.8
1440,3,2011,21.7
1440,3,2010,21.6
1440,3,2009,22.4
1440,3,2008,22.2
1440,1,2019,13.2
1440,1,2018,12.7
1440,1,2017,14.8
1440,1,2016,14.7
1440,1,2015,14.9
1440,1,2014,15.1
1440,1,2013,15.1
1440,1,2012,15.0
1440,1,2011,13.0
1440,1,2010,17.1
1440,1,2009,18.0
1440,1,2008,15.8
1440,2,2019,2.4
1440,2,2018,2.1
1440,2,2017,2.1
1440,2,2016,2.3
1440,2,2015,3.1
1440,2,2014,3.6
1440,2,2013,4.1
1440,2,2012,3.9
1440,2,2011,4.4
1440,2,2010,4.7
1440,2,2009,5.7
1440,2,2008,5.4
1440,1+2,2019,5.8
1440,1+2,2018,5.3
1440,1+2,2017,5.7
1440,1+2,2016,5.6
1440,1+2,2015,6.1
1440,1+2,2014,6.4
1440,1+2,2013,6.7
1440,1+2,2012,6.4
1440,1+2,2011,6.3
1440,1+2,2010,7.4
1440,1+2,2009,8.4
1440,1+2,2008,7.7
1441,3,2019,20.2
1441,3,2018,19.5
1441,3,2017,19.2
1441,3,2016,18.0
1441,3,2015,17.3
1441,3,2014,17.0
1441,3,2013,16.3
1441,3,2012,16.5
1441,3,2011,16.2
1441,3,2010,15.8
1441,3,2009,15.6
1441,3,2008,15.0
1441,1,2019,14.8
1441,1,2018,15.2
1441,1,2017,14.1
1441,1,2016,11.4
1441,1,2015,13.5
1441,1,2014,14.3
1441,1,2013,13.3
1441,1,2012,14.8
1441,1,2011,13.4
1441,1,2010,14.5
1441,1,2009,14.3
1441,1,2008,12.1
1441,2,2019,1.5
1441,2,2018,1.4
1441,2,2017,1.7
1441,2,2016,2.1
1441,2,2015,2.5
1441,2,2014,3.2
1441,2,2013,3.0
1441,2,2012,3.5
1441,2,2011,3.2
1441,2,2010,3.8
1441,2,2009,4.5
1441,2,2008,3.9
1441,1+2,2019,4.2
1441,1+2,2018,4.1
1441,1+2,2017,4.1
1441,1+2,2016,3.7
1441,1+2,2015,4.4
1441,1+2,2014,5.1
1441,1+2,2013,4.7
1441,1+2,2012,5.3
1441,1+2,2011,4.8
1441,1+2,2010,5.5
1441,1+2,2009,6.0
1441,1+2,2008,5.1
1442,3,2019,24.0
1442,3,2018,23.0
1442,3,2017,22.1
1442,3,2016,20.8
1442,3,2015,19.5
1442,3,2014,19.4
1442,3,2013,18.2
1442,3,2012,17.6
1442,3,2011,17.6
1442,3,2010,17.5
1442,3,2009,17.6
1442,3,2008,17.2
1442,1,2019,22.5
1442,1,2018,18.2
1442,1,2017,24.1
1442,1,2016,24.3
1442,1,2015,25.6
1442,1,2014,28.2
1442,1,2013,26.0
1442,1,2012,24.7
1442,1,2011,27.9
1442,1,2010,35.0
1442,1,2009,36.3
1442,1,2008,31.0
1442,2,2019,2.2
1442,2,2018,2.4
1442,2,2017,2.6
1442,2,2016,3.4
1442,2,2015,4.3
1442,2,2014,4.1
1442,2,2013,5.3
1442,2,2012,3.7
1442,2,2011,5.2
1442,2,2010,5.8
1442,2,2009,6.2
1442,2,2008,5.5
1442,1+2,2019,7.1
1442,1+2,2018,6.0
1442,1+2,2017,7.3
1442,1+2,2016,7.8
1442,1+2,2015,8.5
1442,1+2,2014,8.8
1442,1+2,2013,9.1
1442,1+2,2012,7.4
1442,1+2,2011,9.2
1442,1+2,2010,10.9
1442,1+2,2009,11.5
1442,1+2,2008,9.9
1443,3,2019,20.5
1443,3,2018,19.6
1443,3,2017,18.6
1443,3,2016,17.6
1443,3,2015,16.5
1443,3,2014,15.9
1443,3,2013,15.9
1443,3,2012,15.4
1443,3,2011,14.8
1443,3,2010,15.4
1443,3,2009,15.0
1443,3,2008,14.8
1443,1,2019,20.4
1443,1,2018,17.5
1443,1,2017,18.4
1443,1,2016,20.3
1443,1,2015,20.5
1443,1,2014,21.7
1443,1,2013,18.7
1443,1,2012,18.9
1443,1,2011,16.1
1443,1,2010,14.3
1443,1,2009,19.2
1443,1,2008,14.5
1443,2,2019,2.1
1443,2,2018,2.0
1443,2,2017,1.5
1443,2,2016,2.4
1443,2,2015,2.8
1443,2,2014,2.9
1443,2,2013,2.7
1443,2,2012,3.4
1443,2,2011,3.4
1443,2,2010,4.5
1443,2,2009,3.9
1443,2,2008,3.4
1443,1+2,2019,5.8
1443,1+2,2018,5.0
1443,1+2,2017,4.7
1443,1+2,2016,5.5
1443,1+2,2015,5.7
1443,1+2,2014,5.9
1443,1+2,2013,5.2
1443,1+2,2012,5.8
1443,1+2,2011,5.3
1443,1+2,2010,6.0
1443,1+2,2009,6.2
1443,1+2,2008,5.1
1444,3,2019,14.4
1444,3,2018,14.4
1444,3,2017,14.9
1444,3,2016,16.1
1444,3,2015,15.6
1444,3,2014,14.0
1444,3,2013,12.4
1444,3,2012,12.3
1444,3,2011,11.7
1444,3,2010,11.7
1444,3,2009,11.7
1444,3,2008,10.9
1444,1,2019,21.6
1444,1,2018,23.4
1444,1,2017,23.8
1444,1,2016,23.2
1444,1,2015,32.6
1444,1,2014,36.0
1444,1,2013,30.1
1444,1,2012,34.1
1444,1,2011,25.4
1444,1,2010,26.8
1444,1,2009,42.8
1444,1,2008,40.6
1444,2,2019,1.5
1444,2,2018,2.8
1444,2,2017,2.9
1444,2,2016,3.8
1444,2,2015,3.8
1444,2,2014,2.6
1444,2,2013,4.7
1444,2,2012,3.8
1444,2,2011,4.2
1444,2,2010,5.9
1444,2,2009,7.0
1444,2,2008,5.4
1444,1+2,2019,4.4
1444,1+2,2018,5.7
1444,1+2,2017,6.0
1444,1+2,2016,7.0
1444,1+2,2015,8.3
1444,1+2,2014,7.3
1444,1+2,2013,7.8
1444,1+2,2012,7.5
1444,1+2,2011,6.6
1444,1+2,2010,8.3
1444,1+2,2009,11.2
1444,1+2,2008,9.2
1445,3,2019,16.9
1445,3,2018,15.4
1445,3,2017,14.9
1445,3,2016,14.9
1445,3,2015,14.8
1445,3,2014,13.4
1445,3,2013,13.1
1445,3,2012,13.5
1445,3,2011,11.9
1445,3,2010,10.2
1445,3,2009,9.9
1445,3,2008,9.1
1445,1,2019,33.0
1445,1,2018,23.5
1445,1,2017,16.4
1445,1,2016,23.1
1445,1,2015,17.7
1445,1,2014,19.6
1445,1,2013,26.1
1445,1,2012,26.1
1445,1,2011,36.7
1445,1,2010,35.4
1445,1,2009,35.7
1445,1,2008,28.6
1445,2,2019,6.2
1445,2,2018,6.5
1445,2,2017,4.4
1445,2,2016,5.3
1445,2,2015,7.8
1445,2,2014,7.2
1445,2,2013,7.1
1445,2,2012,8.0
1445,2,2011,9.4
1445,2,2010,11.1
1445,2,2009,10.9
1445,2,2008,8.7
1445,1+2,2019,10.7
1445,1+2,2018,9.1
1445,1+2,2017,6.2
1445,1+2,2016,7.9
1445,1+2,2015,9.3
1445,1+2,2014,8.9
1445,1+2,2013,9.6
1445,1+2,2012,10.4
1445,1+2,2011,12.6
1445,1+2,2010,13.6
1445,1+2,2009,13.4
1445,1+2,2008,10.5
1446,3,2019,17.8
1446,3,2018,18.7
1446,3,2017,19.5
1446,3,2016,16.9
1446,3,2015,12.3
1446,3,2014,10.8
1446,3,2013,10.6
1446,3,2012,8.3
1446,3,2011,8.4
1446,3,2010,8.2
1446,3,2009,8.5
1446,3,2008,7.8
1446,1,2019,30.5
1446,1,2018,35.2
1446,1,2017,46.4
1446,1,2016,48.7
1446,1,2015,37.4
1446,1,2014,40.8
1446,1,2013,40.2
1446,1,2012,25.8
1446,1,2011,26.1
1446,1,2010,26.3
1446,1,2009,35.9
1446,1,2008,34.0
1446,2,2019,2.9
1446,2,2018,3.3
1446,2,2017,3.7
1446,2,2016,3.1
1446,2,2015,3.4
1446,2,2014,4.0
1446,2,2013,5.0
1446,2,2012,4.0
1446,2,2011,4.9
1446,2,2010,6.8
1446,2,2009,6.8
1446,2,2008,4.9
1446,1+2,2019,7.8
1446,1+2,2018,9.3
1446,1+2,2017,12.0
1446,1+2,2016,10.8
1446,1+2,2015,7.6
1446,1+2,2014,8.0
1446,1+2,2013,8.7
1446,1+2,2012,5.8
1446,1+2,2011,6.7
1446,1+2,2010,8.4
1446,1+2,2009,9.3
1446,1+2,2008,7.2
1447,3,2019,37.3
1447,3,2018,36.4
1447,3,2017,34.6
1447,3,2016,34.5
1447,3,2015,29.6
1447,3,2014,31.0
1447,3,2013,25.9
1447,3,2012,25.6
1447,3,2011,21.4
1447,3,2010,19.4
1447,3,2009,17.2
1447,3,2008,17.5
1447,1,2019,35.5
1447,1,2018,35.7
1447,1,2017,41.1
1447,1,2016,49.0
1447,1,2015,38.2
1447,1,2014,53.2
1447,1,2013,45.5
1447,1,2012,51.4
1447,1,2011,50.0
1447,1,2010,47.0
1447,1,2009,43.2
1447,1,2008,43.6
1447,2,2019,7.6
1447,2,2018,7.0
1447,2,2017,7.1
1447,2,2016,8.0
1447,2,2015,12.8
1447,2,2014,15.6
1447,2,2013,11.5
1447,2,2012,10.8
1447,2,2011,10.6
1447,2,2010,9.1
1447,2,2009,11.2
1447,2,2008,10.8
1447,1+2,2019,18.0
1447,1+2,2018,17.5
1447,1+2,2017,18.8
1447,1+2,2016,22.1
1447,1+2,2015,20.3
1447,1+2,2014,27.3
1447,1+2,2013,20.3
1447,1+2,2012,21.2
1447,1+2,2011,19.0
1447,1+2,2010,16.4
1447,1+2,2009,16.7
1447,1+2,2008,16.5
1452,3,2019,31.9
1452,3,2018,30.8
1452,3,2017,29.3
1452,3,2016,27.7
1452,3,2015,24.8
1452,3,2014,24.5
1452,3,2013,23.2
1452,3,2012,22.1
1452,3,2011,20.8
1452,3,2010,19.5
1452,3,2009,19.0
1452,3,2008,19.1
1452,1,2019,16.3
1452,1,2018,23.3
1452,1,2017,27.3
1452,1,2016,27.9
1452,1,2015,25.5
1452,1,2014,28.6
1452,1,2013,28.6
1452,1,2012,25.9
1452,1,2011,27.1
1452,1,2010,23.8
1452,1,2009,22.8
1452,1,2008,21.1
1452,2,2019,3.4
1452,2,2018,4.1
1452,2,2017,4.4
1452,2,2016,3.5
1452,2,2015,4.4
1452,2,2014,4.3
1452,2,2013,5.7
1452,2,2012,4.7
1452,2,2011,5.0
1452,2,2010,4.9
1452,2,2009,4.3
1452,2,2008,3.7
1452,1+2,2019,7.5
1452,1+2,2018,10.0
1452,1+2,2017,11.1
1452,1+2,2016,10.3
1452,1+2,2015,9.6
1452,1+2,2014,10.3
1452,1+2,2013,11.0
1452,1+2,2012,9.4
1452,1+2,2011,9.6
1452,1+2,2010,8.6
1452,1+2,2009,7.8
1452,1+2,2008,7.0
1460,3,2019,38.5
1460,3,2018,37.9
1460,3,2017,37.0
1460,3,2016,35.4
1460,3,2015,29.9
1460,3,2014,25.8
1460,3,2013,25.0
1460,3,2012,22.3
1460,3,2011,21.0
1460,3,2010,20.6
1460,3,2009,19.8
1460,3,2008,19.0
1460,1,2019,38.6
1460,1,2018,37.5
1460,1,2017,47.0
1460,1,2016,47.7
1460,1,2015,40.1
1460,1,2014,35.7
1460,1,2013,35.4
1460,1,2012,32.4
1460,1,2011,40.4
1460,1,2010,42.6
1460,1,2009,39.4
1460,1,2008,39.7
1460,2,2019,5.4
1460,2,2018,7.7
1460,2,2017,7.5
1460,2,2016,6.9
1460,2,2015,10.0
1460,2,2014,8.2
1460,2,2013,9.9
1460,2,2012,10.5
1460,2,2011,11.1
1460,2,2010,11.6
1460,2,2009,9.6
1460,2,2008,9.9
1460,1+2,2019,18.1
1460,1+2,2018,19.0
1460,1+2,2017,22.1
1460,1+2,2016,21.3
1460,1+2,2015,19.0
1460,1+2,2014,15.3
1460,1+2,2013,16.3
1460,1+2,2012,15.4
1460,1+2,2011,17.3
1460,1+2,2010,18.0
1460,1+2,2009,15.5
1460,1+2,2008,15.6
1461,3,2019,36.3
1461,3,2018,36.3
1461,3,2017,34.9
1461,3,2016,32.8
1461,3,2015,28.9
1461,3,2014,22.9
1461,3,2013,21.1
1461,3,2012,19.9
1461,3,2011,20.1
1461,3,2010,20.0
1461,3,2009,19.4
1461,3,2008,19.0
1461,1,2019,34.1
1461,1,2018,35.8
1461,1,2017,50.0
1461,1,2016,47.9
1461,1,2015,53.3
1461,1,2014,46.9
1461,1,2013,45.6
1461,1,2012,39.4
1461,1,2011,40.3
1461,1,2010,45.1
1461,1,2009,43.7
1461,1,2008,49.7
1461,2,2019,6.3
1461,2,2018,5.0
1461,2,2017,7.1
1461,2,2016,7.2
1461,2,2015,5.7
1461,2,2014,7.2
1461,2,2013,9.7
1461,2,2012,9.6
1461,2,2011,9.4
1461,2,2010,12.2
1461,2,2009,10.0
1461,2,2008,8.3
1461,1+2,2019,16.4
1461,1+2,2018,16.2
1461,1+2,2017,22.0
1461,1+2,2016,20.6
1461,1+2,2015,19.4
1461,1+2,2014,16.2
1461,1+2,2013,17.3
1461,1+2,2012,15.5
1461,1+2,2011,15.6
1461,1+2,2010,18.8
1461,1+2,2009,16.5
1461,1+2,2008,16.2
1462,3,2019,30.6
1462,3,2018,28.6
1462,3,2017,27.1
1462,3,2016,25.1
1462,3,2015,23.5
1462,3,2014,22.4
1462,3,2013,20.9
1462,3,2012,19.8
1462,3,2011,20.5
1462,3,2010,20.7
1462,3,2009,21.4
1462,3,2008,21.7
1462,1,2019,21.4
1462,1,2018,24.5
1462,1,2017,26.0
1462,1,2016,23.5
1462,1,2015,24.1
1462,1,2014,34.1
1462,1,2013,33.7
1462,1,2012,29.4
1462,1,2011,30.9
1462,1,2010,27.9
1462,1,2009,31.9
1462,1,2008,28.0
1462,2,2019,4.4
1462,2,2018,3.7
1462,2,2017,4.6
1462,2,2016,4.3
1462,2,2015,7.0
1462,2,2014,7.1
1462,2,2013,8.2
1462,2,2012,8.4
1462,2,2011,9.6
1462,2,2010,10.0
1462,2,2009,9.7
1462,2,2008,8.2
1462,1+2,2019,9.6
1462,1+2,2018,9.7
1462,1+2,2017,10.4
1462,1+2,2016,9.2
1462,1+2,2015,11.0
1462,1+2,2014,13.1
1462,1+2,2013,13.6
1462,1+2,2012,12.5
1462,1+2,2011,14.0
1462,1+2,2010,13.7
1462,1+2,2009,14.5
1462,1+2,2008,12.5
1463,3,2019,24.3
1463,3,2018,23.7
1463,3,2017,22.7
1463,3,2016,21.3
1463,3,2015,19.9
1463,3,2014,19.3
1463,3,2013,18.8
1463,3,2012,18.1
1463,3,2011,17.5
1463,3,2010,16.8
1463,3,2009,16.0
1463,3,2008,16.1
1463,1,2019,18.3
1463,1,2018,17.5
1463,1,2017,22.9
1463,1,2016,22.4
1463,1,2015,19.4
1463,1,2014,20.5
1463,1,2013,21.2
1463,1,2012,21.5
1463,1,2011,20.7
1463,1,2010,20.3
1463,1,2009,19.1
1463,1,2008,18.8
1463,2,2019,2.9
1463,2,2018,3.0
1463,2,2017,3.2
1463,2,2016,3.7
1463,2,2015,4.4
1463,2,2014,5.5
1463,2,2013,5.4
1463,2,2012,5.9
1463,2,2011,6.0
1463,2,2010,6.9
1463,2,2009,7.0
1463,2,2008,5.5
1463,1+2,2019,6.6
1463,1+2,2018,6.4
1463,1+2,2017,7.6
1463,1+2,2016,7.7
1463,1+2,2015,7.4
1463,1+2,2014,8.4
1463,1+2,2013,8.4
1463,1+2,2012,8.7
1463,1+2,2011,8.6
1463,1+2,2010,9.2
1463,1+2,2009,9.0
1463,1+2,2008,7.6
1465,3,2019,28.4
1465,3,2018,28.1
1465,3,2017,27.7
1465,3,2016,27.4
1465,3,2015,25.0
1465,3,2014,23.6
1465,3,2013,22.2
1465,3,2012,20.4
1465,3,2011,19.6
1465,3,2010,19.2
1465,3,2009,18.3
1465,3,2008,17.9
1465,1,2019,28.5
1465,1,2018,30.5
1465,1,2017,34.7
1465,1,2016,36.3
1465,1,2015,39.0
1465,1,2014,39.1
1465,1,2013,40.8
1465,1,2012,32.4
1465,1,2011,32.2
1465,1,2010,32.3
1465,1,2009,33.3
1465,1,2008,29.4
1465,2,2019,6.5
1465,2,2018,4.6
1465,2,2017,4.0
1465,2,2016,5.3
1465,2,2015,4.8
1465,2,2014,6.5
1465,2,2013,5.8
1465,2,2012,5.9
1465,2,2011,6.4
1465,2,2010,6.9
1465,2,2009,8.2
1465,2,2008,5.8
1465,1+2,2019,12.7
1465,1+2,2018,11.9
1465,1+2,2017,12.5
1465,1+2,2016,13.8
1465,1+2,2015,13.4
1465,1+2,2014,14.2
1465,1+2,2013,13.6
1465,1+2,2012,11.3
1465,1+2,2011,11.4
1465,1+2,2010,11.8
1465,1+2,2009,12.8
1465,1+2,2008,10.0
1466,3,2019,24.0
1466,3,2018,24.0
1466,3,2017,23.2
1466,3,2016,22.0
1466,3,2015,20.5
1466,3,2014,19.3
1466,3,2013,18.8
1466,3,2012,18.1
1466,3,2011,17.3
1466,3,2010,16.3
1466,3,2009,16.1
1466,3,2008,14.7
1466,1,2019,18.9
1466,1,2018,21.1
1466,1,2017,21.9
1466,1,2016,28.7
1466,1,2015,30.9
1466,1,2014,30.1
1466,1,2013,33.2
1466,1,2012,34.0
1466,1,2011,33.0
1466,1,2010,35.0
1466,1,2009,28.6
1466,1,2008,26.1
1466,2,2019,3.2
1466,2,2018,3.9
1466,2,2017,3.6
1466,2,2016,4.8
1466,2,2015,4.4
1466,2,2014,4.4
1466,2,2013,4.4
1466,2,2012,5.1
1466,2,2011,5.1
1466,2,2010,6.0
1466,2,2009,5.1
1466,2,2008,4.4
1466,1+2,2019,7.0
1466,1+2,2018,8.0
1466,1+2,2017,7.9
1466,1+2,2016,10.1
1466,1+2,2015,9.8
1466,1+2,2014,9.4
1466,1+2,2013,9.8
1466,1+2,2012,10.3
1466,1+2,2011,9.9
1466,1+2,2010,10.7
1466,1+2,2009,8.9
1466,1+2,2008,7.6
1470,3,2019,20.6
1470,3,2018,19.4
1470,3,2017,18.5
1470,3,2016,17.3
1470,3,2015,15.9
1470,3,2014,14.7
1470,3,2013,13.8
1470,3,2012,13.3
1470,3,2011,12.7
1470,3,2010,12.1
1470,3,2009,11.2
1470,3,2008,11.3
1470,1,2019,22.5
1470,1,2018,20.8
1470,1,2017,26.4
1470,1,2016,26.9
1470,1,2015,31.1
1470,1,2014,29.8
1470,1,2013,24.9
1470,1,2012,26.9
1470,1,2011,27.8
1470,1,2010,29.0
1470,1,2009,25.4
1470,1,2008,24.9
1470,2,2019,4.7
1470,2,2018,4.9
1470,2,2017,5.0
1470,2,2016,5.7
1470,2,2015,6.2
1470,2,2014,7.1
1470,2,2013,7.2
1470,2,2012,6.7
1470,2,2011,6.7
1470,2,2010,6.7
1470,2,2009,6.8
1470,2,2008,4.8
1470,1+2,2019,8.4
1470,1+2,2018,8.0
1470,1+2,2017,9.0
1470,1+2,2016,9.3
1470,1+2,2015,10.2
1470,1+2,2014,10.5
1470,1+2,2013,9.6
1470,1+2,2012,9.4
1470,1+2,2011,9.4
1470,1+2,2010,9.4
1470,1+2,2009,8.9
1470,1+2,2008,7.1
1471,3,2019,19.8
1471,3,2018,19.8
1471,3,2017,18.9
1471,3,2016,18.4
1471,3,2015,18.0
1471,3,2014,16.8
1471,3,2013,15.7
1471,3,2012,15.6
1471,3,2011,14.9
1471,3,2010,15.2
1471,3,2009,15.1
1471,3,2008,14.6
1471,1,2019,21.2
1471,1,2018,24.9
1471,1,2017,28.3
1471,1,2016,24.7
1471,1,2015,24.2
1471,1,2014,26.5
1471,1,2013,25.2
1471,1,2012,23.5
1471,1,2011,26.6
1471,1,2010,29.3
1471,1,2009,28.8
1471,1,2008,22.4
1471,2,2019,2.6
1471,2,2018,2.6
1471,2,2017,3.3
1471,2,2016,3.9
1471,2,2015,4.3
1471,2,2014,4.4
1471,2,2013,5.5
1471,2,2012,6.1
1471,2,2011,6.0
1471,2,2010,6.4
1471,2,2009,6.2
1471,2,2008,4.6
1471,1+2,2019,6.3
1471,1+2,2018,7.0
1471,1+2,2017,8.0
1471,1+2,2016,7.7
1471,1+2,2015,7.9
1471,1+2,2014,8.1
1471,1+2,2013,8.6
1471,1+2,2012,8.8
1471,1+2,2011,9.1
1471,1+2,2010,9.9
1471,1+2,2009,9.6
1471,1+2,2008,7.2
1472,3,2019,29.4
1472,3,2018,29.1
1472,3,2017,27.7
1472,3,2016,26.7
1472,3,2015,26.0
1472,3,2014,23.4
1472,3,2013,20.6
1472,3,2012,19.3
1472,3,2011,18.4
1472,3,2010,17.6
1472,3,2009,17.2
1472,3,2008,17.0
1472,1,2019,24.4
1472,1,2018,26.2
1472,1,2017,32.2
1472,1,2016,35.3
1472,1,2015,37.2
1472,1,2014,38.7
1472,1,2013,33.3
1472,1,2012,36.7
1472,1,2011,39.7
1472,1,2010,40.1
1472,1,2009,43.0
1472,1,2008,35.6
1472,2,2019,3.6
1472,2,2018,3.3
1472,2,2017,3.7
1472,2,2016,3.0
1472,2,2015,5.2
1472,2,2014,4.9
1472,2,2013,5.4
1472,2,2012,6.3
1472,2,2011,4.8
1472,2,2010,4.0
1472,2,2009,5.9
1472,2,2008,4.6
1472,1+2,2019,9.7
1472,1+2,2018,10.0
1472,1+2,2017,11.6
1472,1+2,2016,11.6
1472,1+2,2015,13.5
1472,1+2,2014,12.8
1472,1+2,2013,11.1
1472,1+2,2012,12.2
1472,1+2,2011,11.2
1472,1+2,2010,10.4
1472,1+2,2009,12.3
1472,1+2,2008,9.9
1473,3,2019,26.6
1473,3,2018,25.7
1473,3,2017,26.5
1473,3,2016,25.4
1473,3,2015,20.9
1473,3,2014,16.2
1473,3,2013,13.6
1473,3,2012,13.3
1473,3,2011,12.3
1473,3,2010,12.5
1473,3,2009,12.6
1473,3,2008,12.1
1473,1,2019,29.5
1473,1,2018,30.0
1473,1,2017,42.6
1473,1,2016,53.0
1473,1,2015,50.7
1473,1,2014,50.2
1473,1,2013,48.9
1473,1,2012,37.7
1473,1,2011,42.6
1473,1,2010,38.8
1473,1,2009,37.3
1473,1,2008,30.0
1473,2,2019,6.1
1473,2,2018,6.6
1473,2,2017,7.5
1473,2,2016,6.8
1473,2,2015,10.5
1473,2,2014,9.1
1473,2,2013,7.9
1473,2,2012,8.4
1473,2,2011,7.9
1473,2,2010,8.5
1473,2,2009,10.2
1473,2,2008,9.4
1473,1+2,2019,12.3
1473,1+2,2018,12.6
1473,1+2,2017,16.9
1473,1+2,2016,18.5
1473,1+2,2015,18.9
1473,1+2,2014,15.7
1473,1+2,2013,13.5
1473,1+2,2012,12.3
1473,1+2,2011,12.2
1473,1+2,2010,12.3
1473,1+2,2009,13.6
1473,1+2,2008,11.9
1480,3,2019,49.5
1480,3,2018,48.8
1480,3,2017,47.9
1480,3,2016,46.9
1480,3,2015,46.0
1480,3,2014,45.4
1480,3,2013,44.5
1480,3,2012,43.8
1480,3,2011,42.9
1480,3,2010,42.0
1480,3,2009,41.2
1480,3,2008,40.5
1480,1,2019,22.3
1480,1,2018,23.6
1480,1,2017,25.8
1480,1,2016,27.3
1480,1,2015,29.4
1480,1,2014,31.6
1480,1,2013,31.9
1480,1,2012,32.4
1480,1,2011,33.0
1480,1,2010,34.4
1480,1,2009,35.3
1480,1,2008,33.3
1480,2,2019,3.4
1480,2,2018,3.3
1480,2,2017,3.7
1480,2,2016,3.9
1480,2,2015,4.3
1480,2,2014,4.7
1480,2,2013,5.1
1480,2,2012,5.4
1480,2,2011,5.8
1480,2,2010,6.4
1480,2,2009,7.1
1480,2,2008,6.2
1480,1+2,2019,12.8
1480,1+2,2018,13.2
1480,1+2,2017,14.3
1480,1+2,2016,14.9
1480,1+2,2015,15.9
1480,1+2,2014,16.9
1480,1+2,2013,17.0
1480,1+2,2012,17.2
1480,1+2,2011,17.5
1480,1+2,2010,18.2
1480,1+2,2009,18.7
1480,1+2,2008,17.2
1481,3,2019,32.4
1481,3,2018,31.2
1481,3,2017,30.2
1481,3,2016,28.5
1481,3,2015,27.3
1481,3,2014,26.7
1481,3,2013,25.5
1481,3,2012,24.7
1481,3,2011,24.4
1481,3,2010,23.9
1481,3,2009,23.1
1481,3,2008,22.4
1481,1,2019,13.4
1481,1,2018,14.9
1481,1,2017,15.7
1481,1,2016,13.1
1481,1,2015,12.9
1481,1,2014,14.5
1481,1,2013,14.1
1481,1,2012,13.3
1481,1,2011,13.9
1481,1,2010,15.7
1481,1,2009,17.1
1481,1,2008,17.6
1481,2,2019,1.4
1481,2,2018,1.3
1481,2,2017,1.7
1481,2,2016,1.7
1481,2,2015,1.8
1481,2,2014,2.3
1481,2,2013,2.4
1481,2,2012,3.0
1481,2,2011,2.7
1481,2,2010,3.0
1481,2,2009,3.3
1481,2,2008,2.7
1481,1+2,2019,5.3
1481,1+2,2018,5.6
1481,1+2,2017,5.9
1481,1+2,2016,4.9
1481,1+2,2015,4.8
1481,1+2,2014,5.5
1481,1+2,2013,5.4
1481,1+2,2012,5.5
1481,1+2,2011,5.4
1481,1+2,2010,6.0
1481,1+2,2009,6.5
1481,1+2,2008,6.1
1482,3,2019,20.7
1482,3,2018,19.9
1482,3,2017,18.9
1482,3,2016,17.7
1482,3,2015,16.7
1482,3,2014,16.7
1482,3,2013,16.3
1482,3,2012,16.0
1482,3,2011,15.7
1482,3,2010,15.4
1482,3,2009,15.2
1482,3,2008,14.9
1482,1,2019,18.2
1482,1,2018,17.7
1482,1,2017,18.4
1482,1,2016,15.7
1482,1,2015,16.0
1482,1,2014,18.2
1482,1,2013,17.6
1482,1,2012,18.9
1482,1,2011,19.2
1482,1,2010,21.2
1482,1,2009,24.9
1482,1,2008,22.4
1482,2,2019,1.7
1482,2,2018,1.5
1482,2,2017,2.1
1482,2,2016,2.2
1482,2,2015,2.4
1482,2,2014,2.5
1482,2,2013,2.8
1482,2,2012,3.1
1482,2,2011,3.6
1482,2,2010,4.2
1482,2,2009,3.7
1482,2,2008,3.5
1482,1+2,2019,5.1
1482,1+2,2018,4.7
1482,1+2,2017,5.2
1482,1+2,2016,4.6
1482,1+2,2015,4.7
1482,1+2,2014,5.1
1482,1+2,2013,5.2
1482,1+2,2012,5.6
1482,1+2,2011,6.1
1482,1+2,2010,6.8
1482,1+2,2009,6.9
1482,1+2,2008,6.3
1484,3,2019,29.3
1484,3,2018,28.7
1484,3,2017,27.6
1484,3,2016,25.9
1484,3,2015,24.2
1484,3,2014,21.9
1484,3,2013,21.5
1484,3,2012,20.2
1484,3,2011,18.0
1484,3,2010,17.5
1484,3,2009,16.9
1484,3,2008,16.7
1484,1,2019,35.0
1484,1,2018,31.7
1484,1,2017,36.3
1484,1,2016,40.2
1484,1,2015,42.7
1484,1,2014,34.5
1484,1,2013,40.1
1484,1,2012,42.8
1484,1,2011,35.9
1484,1,2010,37.4
1484,1,2009,38.1
1484,1,2008,42.2
1484,2,2019,4.2
1484,2,2018,3.5
1484,2,2017,3.9
1484,2,2016,4.5
1484,2,2015,5.7
1484,2,2014,4.8
1484,2,2013,5.4
1484,2,2012,4.8
1484,2,2011,5.4
1484,2,2010,6.6
1484,2,2009,6.9
1484,2,2008,6.8
1484,1+2,2019,13.2
1484,1+2,2018,11.6
1484,1+2,2017,12.9
1484,1+2,2016,13.7
1484,1+2,2015,14.7
1484,1+2,2014,11.3
1484,1+2,2013,12.8
1484,1+2,2012,12.5
1484,1+2,2011,10.9
1484,1+2,2010,12.0
1484,1+2,2009,12.2
1484,1+2,2008,12.8
1485,3,2019,35.2
1485,3,2018,34.4
1485,3,2017,33.3
1485,3,2016,32.1
1485,3,2015,29.9
1485,3,2014,28.4
1485,3,2013,26.9
1485,3,2012,25.8
1485,3,2011,24.9
1485,3,2010,24.4
1485,3,2009,23.6
1485,3,2008,22.5
1485,1,2019,26.2
1485,1,2018,25.0
1485,1,2017,27.3
1485,1,2016,30.1
1485,1,2015,28.9
1485,1,2014,30.4
1485,1,2013,31.1
1485,1,2012,29.6
1485,1,2011,30.9
1485,1,2010,31.8
1485,1,2009,34.3
1485,1,2008,33.2
1485,2,2019,2.6
1485,2,2018,2.9
1485,2,2017,3.0
1485,2,2016,3.4
1485,2,2015,4.3
1485,2,2014,4.6
1485,2,2013,4.9
1485,2,2012,4.9
1485,2,2011,5.2
1485,2,2010,5.6
1485,2,2009,5.5
1485,2,2008,4.3
1485,1+2,2019,10.9
1485,1+2,2018,10.5
1485,1+2,2017,11.1
1485,1+2,2016,11.9
1485,1+2,2015,11.7
1485,1+2,2014,12.0
1485,1+2,2013,12.0
1485,1+2,2012,11.3
1485,1+2,2011,11.6
1485,1+2,2010,12.0
1485,1+2,2009,12.3
1485,1+2,2008,10.8
1486,3,2019,46.5
1486,3,2018,46.5
1486,3,2017,46.4
1486,3,2016,45.6
1486,3,2015,43.1
1486,3,2014,41.7
1486,3,2013,39.0
1486,3,2012,38.5
1486,3,2011,36.6
1486,3,2010,35.3
1486,3,2009,34.5
1486,3,2008,32.8
1486,1,2019,25.9
1486,1,2018,27.1
1486,1,2017,31.5
1486,1,2016,30.6
1486,1,2015,29.3
1486,1,2014,29.1
1486,1,2013,30.6
1486,1,2012,27.7
1486,1,2011,30.0
1486,1,2010,26.0
1486,1,2009,25.8
1486,1,2008,23.9
1486,2,2019,8.6
1486,2,2018,9.1
1486,2,2017,10.2
1486,2,2016,9.1
1486,2,2015,8.9
1486,2,2014,10.5
1486,2,2013,8.7
1486,2,2012,8.8
1486,2,2011,8.4
1486,2,2010,9.0
1486,2,2009,8.3
1486,2,2008,7.2
1486,1+2,2019,16.6
1486,1+2,2018,17.4
1486,1+2,2017,20.1
1486,1+2,2016,18.9
1486,1+2,2015,17.7
1486,1+2,2014,18.3
1486,1+2,2013,17.3
1486,1+2,2012,16.1
1486,1+2,2011,16.3
1486,1+2,2010,15.0
1486,1+2,2009,14.3
1486,1+2,2008,12.7
1487,3,2019,33.5
1487,3,2018,33.0
1487,3,2017,32.1
1487,3,2016,30.9
1487,3,2015,28.0
1487,3,2014,25.3
1487,3,2013,23.0
1487,3,2012,20.9
1487,3,2011,19.9
1487,3,2010,19.1
1487,3,2009,17.8
1487,3,2008,17.0
1487,1,2019,31.8
1487,1,2018,32.2
1487,1,2017,35.1
1487,1,2016,35.6
1487,1,2015,37.9
1487,1,2014,34.9
1487,1,2013,36.7
1487,1,2012,32.9
1487,1,2011,34.0
1487,1,2010,34.4
1487,1,2009,32.8
1487,1,2008,30.9
1487,2,2019,3.2
1487,2,2018,2.7
1487,2,2017,3.2
1487,2,2016,3.7
1487,2,2015,4.2
1487,2,2014,5.2
1487,2,2013,5.7
1487,2,2012,5.5
1487,2,2011,5.0
1487,2,2010,5.5
1487,2,2009,5.5
1487,2,2008,4.9
1487,1+2,2019,12.8
1487,1+2,2018,12.5
1487,1+2,2017,13.4
1487,1+2,2016,13.6
1487,1+2,2015,13.6
1487,1+2,2014,12.7
1487,1+2,2013,12.8
1487,1+2,2012,11.2
1487,1+2,2011,10.8
1487,1+2,2010,11.0
1487,1+2,2009,10.3
1487,1+2,2008,9.4
1488,3,2019,42.1
1488,3,2018,41.8
1488,3,2017,40.9
1488,3,2016,40.0
1488,3,2015,39.3
1488,3,2014,38.0
1488,3,2013,37.2
1488,3,2012,34.9
1488,3,2011,33.6
1488,3,2010,33.0
1488,3,2009,31.9
1488,3,2008,31.3
1488,1,2019,31.2
1488,1,2018,31.6
1488,1,2017,34.8
1488,1,2016,36.1
1488,1,2015,41.2
1488,1,2014,42.6
1488,1,2013,44.0
1488,1,2012,41.8
1488,1,2011,41.9
1488,1,2010,42.3
1488,1,2009,38.9
1488,1,2008,35.1
1488,2,2019,2.9
1488,2,2018,2.5
1488,2,2017,3.1
1488,2,2016,3.4
1488,2,2015,3.8
1488,2,2014,4.9
1488,2,2013,5.2
1488,2,2012,5.3
1488,2,2011,5.8
1488,2,2010,6.1
1488,2,2009,5.5
1488,2,2008,4.5
1488,1+2,2019,14.8
1488,1+2,2018,14.7
1488,1+2,2017,16.1
1488,1+2,2016,16.5
1488,1+2,2015,18.5
1488,1+2,2014,19.2
1488,1+2,2013,19.6
1488,1+2,2012,18.0
1488,1+2,2011,18.0
1488,1+2,2010,18.0
1488,1+2,2009,16.2
1488,1+2,2008,14.1
1489,3,2019,23.1
1489,3,2018,22.8
1489,3,2017,22.5
1489,3,2016,21.2
1489,3,2015,20.7
1489,3,2014,20.1
1489,3,2013,19.2
1489,3,2012,18.8
1489,3,2011,17.7
1489,3,2010,16.8
1489,3,2009,16.9
1489,3,2008,16.1
1489,1,2019,15.8
1489,1,2018,15.8
1489,1,2017,17.5
1489,1,2016,19.3
1489,1,2015,22.9
1489,1,2014,22.1
1489,1,2013,23.9
1489,1,2012,25.2
1489,1,2011,25.1
1489,1,2010,24.3
1489,1,2009,25.9
1489,1,2008,23.0
1489,2,2019,2.0
1489,2,2018,2.2
1489,2,2017,2.5
1489,2,2016,2.6
1489,2,2015,3.1
1489,2,2014,3.3
1489,2,2013,4.2
1489,2,2012,4.5
1489,2,2011,4.6
1489,2,2010,5.2
1489,2,2009,5.8
1489,2,2008,4.6
1489,1+2,2019,5.2
1489,1+2,2018,5.3
1489,1+2,2017,5.9
1489,1+2,2016,6.2
1489,1+2,2015,7.2
1489,1+2,2014,7.1
1489,1+2,2013,8.0
1489,1+2,2012,8.4
1489,1+2,2011,8.2
1489,1+2,2010,8.4
1489,1+2,2009,9.2
1489,1+2,2008,7.6
1490,3,2019,41.9
1490,3,2018,40.8
1490,3,2017,39.6
1490,3,2016,38.1
1490,3,2015,36.8
1490,3,2014,35.5
1490,3,2013,34.3
1490,3,2012,32.7
1490,3,2011,31.6
1490,3,2010,30.9
1490,3,2009,30.0
1490,3,2008,29.0
1490,1,2019,16.1
1490,1,2018,16.8
1490,1,2017,20.4
1490,1,2016,22.8
1490,1,2015,26.0
1490,1,2014,26.7
1490,1,2013,29.4
1490,1,2012,27.7
1490,1,2011,29.0
1490,1,2010,31.2
1490,1,2009,31.0
1490,1,2008,27.9
1490,2,2019,2.1
1490,2,2018,2.0
1490,2,2017,2.0
1490,2,2016,2.5
1490,2,2015,3.0
1490,2,2014,3.4
1490,2,2013,3.5
1490,2,2012,4.0
1490,2,2011,4.3
1490,2,2010,4.8
1490,2,2009,4.7
1490,2,2008,4.1
1490,1+2,2019,8.0
1490,1+2,2018,8.0
1490,1+2,2017,9.3
1490,1+2,2016,10.2
1490,1+2,2015,11.4
1490,1+2,2014,11.6
1490,1+2,2013,12.4
1490,1+2,2012,11.7
1490,1+2,2011,12.1
1490,1+2,2010,12.9
1490,1+2,2009,12.6
1490,1+2,2008,11.0
1491,3,2019,24.0
1491,3,2018,24.1
1491,3,2017,23.2
1491,3,2016,22.1
1491,3,2015,20.3
1491,3,2014,18.5
1491,3,2013,17.7
1491,3,2012,16.7
1491,3,2011,16.0
1491,3,2010,15.6
1491,3,2009,15.2
1491,3,2008,14.4
1491,1,2019,20.4
1491,1,2018,22.8
1491,1,2017,24.4
1491,1,2016,26.2
1491,1,2015,28.8
1491,1,2014,28.2
1491,1,2013,32.8
1491,1,2012,30.8
1491,1,2011,35.1
1491,1,2010,37.4
1491,1,2009,33.4
1491,1,2008,32.9
1491,2,2019,2.6
1491,2,2018,2.2
1491,2,2017,3.4
1491,2,2016,3.5
1491,2,2015,3.8
1491,2,2014,5.0
1491,2,2013,5.1
1491,2,2012,5.5
1491,2,2011,5.8
1491,2,2010,6.0
1491,2,2009,5.1
1491,2,2008,4.3
1491,1+2,2019,6.9
1491,1+2,2018,7.1
1491,1+2,2017,8.2
1491,1+2,2016,8.6
1491,1+2,2015,8.9
1491,1+2,2014,9.3
1491,1+2,2013,10.0
1491,1+2,2012,9.7
1491,1+2,2011,10.4
1491,1+2,2010,10.9
1491,1+2,2009,9.4
1491,1+2,2008,8.4
1492,3,2019,34.3
1492,3,2018,34.8
1492,3,2017,33.0
1492,3,2016,32.4
1492,3,2015,29.1
1492,3,2014,23.4
1492,3,2013,20.0
1492,3,2012,17.9
1492,3,2011,17.0
1492,3,2010,17.4
1492,3,2009,17.6
1492,3,2008,18.0
1492,1,2019,44.5
1492,1,2018,41.9
1492,1,2017,48.0
1492,1,2016,47.2
1492,1,2015,52.0
1492,1,2014,47.7
1492,1,2013,45.2
1492,1,2012,36.7
1492,1,2011,37.3
1492,1,2010,40.1
1492,1,2009,41.1
1492,1,2008,41.6
1492,2,2019,4.9
1492,2,2018,4.3
1492,2,2017,4.9
1492,2,2016,5.9
1492,2,2015,6.6
1492,2,2014,8.0
1492,2,2013,8.8
1492,2,2012,8.4
1492,2,2011,8.7
1492,2,2010,8.9
1492,2,2009,11.5
1492,2,2008,9.1
1492,1+2,2019,18.5
1492,1+2,2018,17.4
1492,1+2,2017,19.1
1492,1+2,2016,19.3
1492,1+2,2015,19.8
1492,1+2,2014,17.3
1492,1+2,2013,16.1
1492,1+2,2012,13.4
1492,1+2,2011,13.6
1492,1+2,2010,14.3
1492,1+2,2009,16.8
1492,1+2,2008,15.0
1493,3,2019,21.9
1493,3,2018,20.7
1493,3,2017,20.0
1493,3,2016,19.2
1493,3,2015,17.9
1493,3,2014,17.3
1493,3,2013,17.5
1493,3,2012,16.2
1493,3,2011,15.3
1493,3,2010,15.6
1493,3,2009,15.2
1493,3,2008,14.9
1493,1,2019,20.9
1493,1,2018,18.9
1493,1,2017,22.1
1493,1,2016,27.6
1493,1,2015,24.4
1493,1,2014,27.3
1493,1,2013,29.4
1493,1,2012,23.2
1493,1,2011,24.6
1493,1,2010,27.5
1493,1,2009,26.6
1493,1,2008,24.4
1493,2,2019,3.3
1493,2,2018,2.9
1493,2,2017,3.0
1493,2,2016,3.2
1493,2,2015,4.5
1493,2,2014,4.4
1493,2,2013,4.8
1493,2,2012,5.4
1493,2,2011,5.7
1493,2,2010,6.0
1493,2,2009,6.9
1493,2,2008,5.3
1493,1+2,2019,7.1
1493,1+2,2018,6.2
1493,1+2,2017,6.8
1493,1+2,2016,7.9
1493,1+2,2015,8.0
1493,1+2,2014,8.4
1493,1+2,2013,9.1
1493,1+2,2012,8.3
1493,1+2,2011,8.6
1493,1+2,2010,9.4
1493,1+2,2009,9.9
1493,1+2,2008,8.2
1494,3,2019,21.4
1494,3,2018,20.8
1494,3,2017,19.5
1494,3,2016,18.4
1494,3,2015,17.5
1494,3,2014,16.5
1494,3,2013,15.8
1494,3,2012,15.3
1494,3,2011,14.6
1494,3,2010,14.3
1494,3,2009,14.0
1494,3,2008,13.8
1494,1,2019,20.6
1494,1,2018,18.8
1494,1,2017,23.6
1494,1,2016,22.5
1494,1,2015,22.7
1494,1,2014,25.7
1494,1,2013,22.4
1494,1,2012,22.2
1494,1,2011,22.6
1494,1,2010,21.3
1494,1,2009,23.1
1494,1,2008,21.6
1494,2,2019,2.2
1494,2,2018,2.1
1494,2,2017,2.1
1494,2,2016,2.4
1494,2,2015,2.9
1494,2,2014,3.5
1494,2,2013,3.7
1494,2,2012,3.4
1494,2,2011,3.9
1494,2,2010,3.5
1494,2,2009,4.3
1494,2,2008,3.8
1494,1+2,2019,6.1
1494,1+2,2018,5.6
1494,1+2,2017,6.3
1494,1+2,2016,6.1
1494,1+2,2015,6.4
1494,1+2,2014,7.1
1494,1+2,2013,6.6
1494,1+2,2012,6.3
1494,1+2,2011,6.6
1494,1+2,2010,6.1
1494,1+2,2009,6.9
1494,1+2,2008,6.2
1495,3,2019,34.6
1495,3,2018,33.5
1495,3,2017,31.9
1495,3,2016,31.9
1495,3,2015,28.1
1495,3,2014,26.8
1495,3,2013,25.2
1495,3,2012,22.0
1495,3,2011,21.1
1495,3,2010,20.3
1495,3,2009,19.7
1495,3,2008,18.6
1495,1,2019,23.6
1495,1,2018,23.4
1495,1,2017,29.0
1495,1,2016,35.8
1495,1,2015,34.3
1495,1,2014,36.5
1495,1,2013,35.8
1495,1,2012,25.5
1495,1,2011,25.4
1495,1,2010,27.8
1495,1,2009,24.9
1495,1,2008,26.7
1495,2,2019,2.9
1495,2,2018,2.4
1495,2,2017,3.0
1495,2,2016,3.2
1495,2,2015,4.4
1495,2,2014,4.6
1495,2,2013,4.9
1495,2,2012,5.8
1495,2,2011,6.2
1495,2,2010,5.7
1495,2,2009,6.0
1495,2,2008,5.2
1495,1+2,2019,10.1
1495,1+2,2018,9.4
1495,1+2,2017,11.3
1495,1+2,2016,13.6
1495,1+2,2015,12.8
1495,1+2,2014,13.1
1495,1+2,2013,12.7
1495,1+2,2012,10.2
1495,1+2,2011,10.2
1495,1+2,2010,10.2
1495,1+2,2009,9.8
1495,1+2,2008,9.2
1496,3,2019,28.4
1496,3,2018,27.9
1496,3,2017,27.1
1496,3,2016,26.3
1496,3,2015,25.6
1496,3,2014,24.7
1496,3,2013,24.0
1496,3,2012,22.8
1496,3,2011,22.4
1496,3,2010,22.3
1496,3,2009,21.7
1496,3,2008,20.7
1496,1,2019,13.6
1496,1,2018,15.1
1496,1,2017,18.1
1496,1,2016,15.4
1496,1,2015,17.5
1496,1,2014,19.5
1496,1,2013,20.4
1496,1,2012,20.4
1496,1,2011,23.4
1496,1,2010,23.3
1496,1,2009,24.8
1496,1,2008,19.5
1496,2,2019,1.7
1496,2,2018,1.6
1496,2,2017,1.7
1496,2,2016,1.8
1496,2,2015,2.3
1496,2,2014,2.7
1496,2,2013,3.0
1496,2,2012,3.0
1496,2,2011,3.5
1496,2,2010,4.0
1496,2,2009,3.8
1496,2,2008,3.1
1496,1+2,2019,5.1
1496,1+2,2018,5.4
1496,1+2,2017,6.1
1496,1+2,2016,5.4
1496,1+2,2015,6.2
1496,1+2,2014,6.8
1496,1+2,2013,7.2
1496,1+2,2012,7.0
1496,1+2,2011,8.0
1496,1+2,2010,8.3
1496,1+2,2009,8.4
1496,1+2,2008,6.5
1497,3,2019,17.4
1497,3,2018,17.9
1497,3,2017,17.1
1497,3,2016,15.9
1497,3,2015,16.1
1497,3,2014,14.0
1497,3,2013,14.0
1497,3,2012,13.2
1497,3,2011,12.4
1497,3,2010,12.8
1497,3,2009,12.3
1497,3,2008,11.1
1497,1,2019,20.5
1497,1,2018,22.2
1497,1,2017,22.5
1497,1,2016,21.4
1497,1,2015,26.9
1497,1,2014,19.6
1497,1,2013,18.7
1497,1,2012,14.4
1497,1,2011,18.7
1497,1,2010,19.2
1497,1,2009,27.8
1497,1,2008,19.1
1497,2,2019,3.5
1497,2,2018,3.4
1497,2,2017,3.6
1497,2,2016,3.5
1497,2,2015,4.5
1497,2,2014,6.3
1497,2,2013,4.9
1497,2,2012,5.2
1497,2,2011,6.7
1497,2,2010,6.4
1497,2,2009,8.1
1497,2,2008,5.0
1497,1+2,2019,6.4
1497,1+2,2018,6.8
1497,1+2,2017,6.8
1497,1+2,2016,6.4
1497,1+2,2015,8.1
1497,1+2,2014,8.2
1497,1+2,2013,6.8
1497,1+2,2012,6.4
1497,1+2,2011,8.2
1497,1+2,2010,8.0
1497,1+2,2009,10.5
1497,1+2,2008,6.6
1498,3,2019,22.2
1498,3,2018,21.7
1498,3,2017,20.9
1498,3,2016,19.5
1498,3,2015,18.2
1498,3,2014,17.4
1498,3,2013,16.0
1498,3,2012,15.6
1498,3,2011,15.3
1498,3,2010,14.8
1498,3,2009,14.2
1498,3,2008,14.0
1498,1,2019,27.5
1498,1,2018,22.4
1498,1,2017,26.8
1498,1,2016,29.4
1498,1,2015,21.3
1498,1,2014,26.7
1498,1,2013,25.3
1498,1,2012,20.4
1498,1,2011,25.2
1498,1,2010,26.0
1498,1,2009,30.7
1498,1,2008,29.5
1498,2,2019,5.0
1498,2,2018,4.8
1498,2,2017,6.1
1498,2,2016,5.9
1498,2,2015,4.8
1498,2,2014,6.4
1498,2,2013,8.5
1498,2,2012,9.2
1498,2,2011,7.6
1498,2,2010,9.6
1498,2,2009,8.5
1498,2,2008,5.9
1498,1+2,2019,10.0
1498,1+2,2018,8.6
1498,1+2,2017,10.4
1498,1+2,2016,10.5
1498,1+2,2015,7.8
1498,1+2,2014,10.0
1498,1+2,2013,11.2
1498,1+2,2012,11.0
1498,1+2,2011,10.3
1498,1+2,2010,12.0
1498,1+2,2009,11.7
1498,1+2,2008,9.2
1499,3,2019,33.5
1499,3,2018,31.9
1499,3,2017,30.8
1499,3,2016,29.3
1499,3,2015,27.8
1499,3,2014,25.7
1499,3,2013,24.5
1499,3,2012,21.4
1499,3,2011,19.7
1499,3,2010,18.6
1499,3,2009,17.8
1499,3,2008,16.3
1499,1,2019,31.3
1499,1,2018,31.3
1499,1,2017,28.5
1499,1,2016,38.6
1499,1,2015,46.8
1499,1,2014,44.5
1499,1,2013,49.4
1499,1,2012,42.3
1499,1,2011,41.2
1499,1,2010,41.7
1499,1,2009,39.5
1499,1,2008,35.9
1499,2,2019,3.3
1499,2,2018,3.5
1499,2,2017,2.7
1499,2,2016,3.3
1499,2,2015,3.7
1499,2,2014,4.1
1499,2,2013,4.5
1499,2,2012,4.5
1499,2,2011,5.2
1499,2,2010,5.5
1499,2,2009,6.0
1499,2,2008,5.6
1499,1+2,2019,12.7
1499,1+2,2018,12.4
1499,1+2,2017,10.7
1499,1+2,2016,13.6
1499,1+2,2015,15.7
1499,1+2,2014,14.5
1499,1+2,2013,15.5
1499,1+2,2012,12.5
1499,1+2,2011,12.3
1499,1+2,2010,12.2
1499,1+2,2009,11.9
1499,1+2,2008,10.5
