kpi,municipality_id,year,count,gender,value,municipality,municipality_type
N02797,0000,2007,1,K,0,Riket,L
N02797,0000,2007,1,M,0,Riket,L
N02797,0000,2008,1,K,7.520696,Riket,L
N02797,0000,2008,1,M,7.119478,Riket,L
N02797,0000,2008,1,T,7.314866,Riket,L
N02797,0000,2009,1,K,8.40725,Riket,L
N02797,0000,2009,1,M,9.206748,Riket,L
N02797,0000,2009,1,T,8.817066,Riket,L
N02797,0000,2010,1,K,7.531747,Riket,L
N02797,0000,2010,1,M,7.753252,Riket,L
N02797,0000,2010,1,T,7.645266,Riket,L
N02797,0000,2011,1,K,7.152414,Riket,L
N02797,0000,2011,1,M,7.063915,Riket,L
N02797,0000,2011,1,T,7.107018,Riket,L
N02797,0000,2012,1,K,7.428061,Riket,L
N02797,0000,2012,1,M,7.60666,Riket,L
N02797,0000,2012,1,T,7.519719,Riket,L
N02797,0000,2013,1,K,7.388367,Riket,L
N02797,0000,2013,1,M,7.660505,Riket,L
N02797,0000,2013,1,T,7.528165,Riket,L
N02797,0000,2014,1,K,7.196267,Riket,L
N02797,0000,2014,1,M,7.714138,Riket,L
N02797,0000,2014,1,T,7.463128,Riket,L
N02797,0000,2015,1,K,7.326516,Riket,L
N02797,0000,2015,1,M,7.906838,Riket,L
N02797,0000,2015,1,T,7.62624,Riket,L
N02797,0000,2016,1,K,7.095994,Riket,L
N02797,0000,2016,1,M,7.969922,Riket,L
N02797,0000,2016,1,T,7.550012,Riket,L
N02797,0000,2017,1,K,6.583924,Riket,L
N02797,0000,2017,1,M,6.955959,Riket,L
N02797,0000,2017,1,T,6.778078,Riket,L
N02797,0000,2018,1,K,6.110447,Riket,L
N02797,0000,2018,1,M,6.912491,Riket,L
N02797,0000,2018,1,T,6.53046,Riket,L
N02797,0014,2007,1,K,7.003309,Västra Götalandsregionen,L
N02797,0014,2007,1,M,6.310191,Västra Götalandsregionen,L
N02797,0014,2008,1,K,7.146983,Västra Götalandsregionen,L
N02797,0014,2008,1,M,6.873651,Västra Götalandsregionen,L
N02797,0014,2008,1,T,7.006322,Västra Götalandsregionen,L
N02797,0014,2009,1,K,8.239045,Västra Götalandsregionen,L
N02797,0014,2009,1,M,9.179076,Västra Götalandsregionen,L
N02797,0014,2009,1,T,8.721772,Västra Götalandsregionen,L
N02797,0014,2010,1,K,7.424469,Västra Götalandsregionen,L
N02797,0014,2010,1,M,7.416345,Västra Götalandsregionen,L
N02797,0014,2010,1,T,7.420311,Västra Götalandsregionen,L
N02797,0014,2011,1,K,6.847669,Västra Götalandsregionen,L
N02797,0014,2011,1,M,6.715914,Västra Götalandsregionen,L
N02797,0014,2011,1,T,6.780316,Västra Götalandsregionen,L
N02797,0014,2012,1,K,7.272263,Västra Götalandsregionen,L
N02797,0014,2012,1,M,7.432769,Västra Götalandsregionen,L
N02797,0014,2012,1,T,7.354363,Västra Götalandsregionen,L
N02797,0014,2013,1,K,7.072588,Västra Götalandsregionen,L
N02797,0014,2013,1,M,7.462625,Västra Götalandsregionen,L
N02797,0014,2013,1,T,7.271731,Västra Götalandsregionen,L
N02797,0014,2014,1,K,6.884629,Västra Götalandsregionen,L
N02797,0014,2014,1,M,7.436393,Västra Götalandsregionen,L
N02797,0014,2014,1,T,7.167605,Västra Götalandsregionen,L
N02797,0014,2015,1,K,7.025341,Västra Götalandsregionen,L
N02797,0014,2015,1,M,7.689535,Västra Götalandsregionen,L
N02797,0014,2015,1,T,7.366906,Västra Götalandsregionen,L
N02797,0014,2016,1,K,6.70407,Västra Götalandsregionen,L
N02797,0014,2016,1,M,7.28973,Västra Götalandsregionen,L
N02797,0014,2016,1,T,7.006693,Västra Götalandsregionen,L
N02797,0014,2017,1,K,6.299995,Västra Götalandsregionen,L
N02797,0014,2017,1,M,6.385912,Västra Götalandsregionen,L
N02797,0014,2017,1,T,6.34455,Västra Götalandsregionen,L
N02797,0014,2018,1,K,5.811504,Västra Götalandsregionen,L
N02797,0014,2018,1,M,6.450056,Västra Götalandsregionen,L
N02797,0014,2018,1,T,6.143845,Västra Götalandsregionen,L
N02797,1401,2007,1,K,5.809642,Härryda,K
N02797,1401,2007,1,M,4.957356,Härryda,K
N02797,1401,2008,1,K,5.520046,Härryda,K
N02797,1401,2008,1,M,4.997501,Härryda,K
N02797,1401,2008,1,T,5.239119,Härryda,K
N02797,1401,2009,1,K,6.274078,Härryda,K
N02797,1401,2009,1,M,6.226054,Härryda,K
N02797,1401,2009,1,T,6.248399,Härryda,K
N02797,1401,2010,1,K,5.663346,Härryda,K
N02797,1401,2010,1,M,4.651163,Härryda,K
N02797,1401,2010,1,T,5.132038,Härryda,K
N02797,1401,2011,1,K,4.936975,Härryda,K
N02797,1401,2011,1,M,4.466859,Härryda,K
N02797,1401,2011,1,T,4.69142,Härryda,K
N02797,1401,2012,1,K,4.938272,Härryda,K
N02797,1401,2012,1,M,5.899281,Härryda,K
N02797,1401,2012,1,T,5.435592,Härryda,K
N02797,1401,2013,1,K,4.807184,Härryda,K
N02797,1401,2013,1,M,4.94371,Härryda,K
N02797,1401,2013,1,T,4.878049,Härryda,K
N02797,1401,2014,1,K,6.236443,Härryda,K
N02797,1401,2014,1,M,5.367793,Härryda,K
N02797,1401,2014,1,T,5.783195,Härryda,K
N02797,1401,2015,1,K,5.989011,Härryda,K
N02797,1401,2015,1,M,5.408163,Härryda,K
N02797,1401,2015,1,T,5.687831,Härryda,K
N02797,1401,2016,1,K,4.84222,Härryda,K
N02797,1401,2016,1,M,5.452675,Härryda,K
N02797,1401,2016,1,T,5.156002,Härryda,K
N02797,1401,2017,1,K,5.126728,Härryda,K
N02797,1401,2017,1,M,5.564304,Härryda,K
N02797,1401,2017,1,T,5.355672,Härryda,K
N02797,1401,2018,1,K,4.968226,Härryda,K
N02797,1401,2018,1,M,4.797441,Härryda,K
N02797,1401,2018,1,T,4.879401,Härryda,K
N02797,1402,2007,1,K,6.478579,Partille,K
N02797,1402,2007,1,M,5.812854,Partille,K
N02797,1402,2008,1,K,5.894309,Partille,K
N02797,1402,2008,1,M,6.049496,Partille,K
N02797,1402,2008,1,T,5.975904,Partille,K
N02797,1402,2009,1,K,6.419753,Partille,K
N02797,1402,2009,1,M,7.824176,Partille,K
N02797,1402,2009,1,T,7.162791,Partille,K
N02797,1402,2010,1,K,5.753291,Partille,K
N02797,1402,2010,1,M,6.433506,Partille,K
N02797,1402,2010,1,T,6.114037,Partille,K
N02797,1402,2011,1,K,4.997574,Partille,K
N02797,1402,2011,1,M,5.810928,Partille,K
N02797,1402,2011,1,T,5.427067,Partille,K
N02797,1402,2012,1,K,5.728155,Partille,K
N02797,1402,2012,1,M,7.155399,Partille,K
N02797,1402,2012,1,T,6.477639,Partille,K
N02797,1402,2013,1,K,4.776269,Partille,K
N02797,1402,2013,1,M,7.440213,Partille,K
N02797,1402,2013,1,T,6.192607,Partille,K
N02797,1402,2014,1,K,5.732152,Partille,K
N02797,1402,2014,1,M,7.505618,Partille,K
N02797,1402,2014,1,T,6.684363,Partille,K
N02797,1402,2015,1,K,6.057386,Partille,K
N02797,1402,2015,1,M,6.740028,Partille,K
N02797,1402,2015,1,T,6.423825,Partille,K
N02797,1402,2016,1,K,6.406834,Partille,K
N02797,1402,2016,1,M,5.871301,Partille,K
N02797,1402,2016,1,T,6.121939,Partille,K
N02797,1402,2017,1,K,5.589041,Partille,K
N02797,1402,2017,1,M,5.534167,Partille,K
N02797,1402,2017,1,T,5.559826,Partille,K
N02797,1402,2018,1,K,5.833792,Partille,K
N02797,1402,2018,1,M,6.06203,Partille,K
N02797,1402,2018,1,T,5.956907,Partille,K
N02797,1407,2007,1,K,4.404568,Öckerö,K
N02797,1407,2007,1,M,4.154728,Öckerö,K
N02797,1407,2008,1,K,4.582651,Öckerö,K
N02797,1407,2008,1,M,4.781997,Öckerö,K
N02797,1407,2008,1,T,4.689864,Öckerö,K
N02797,1407,2009,1,K,5.128205,Öckerö,K
N02797,1407,2009,1,M,7.073509,Öckerö,K
N02797,1407,2009,1,T,6.171004,Öckerö,K
N02797,1407,2010,1,K,4.48,Öckerö,K
N02797,1407,2010,1,M,6.725888,Öckerö,K
N02797,1407,2010,1,T,5.732484,Öckerö,K
N02797,1407,2011,1,K,4.690117,Öckerö,K
N02797,1407,2011,1,M,4.887218,Öckerö,K
N02797,1407,2011,1,T,4.802867,Öckerö,K
N02797,1407,2012,1,K,6.535948,Öckerö,K
N02797,1407,2012,1,M,6.675063,Öckerö,K
N02797,1407,2012,1,T,6.614509,Öckerö,K
N02797,1407,2013,1,K,5.638474,Öckerö,K
N02797,1407,2013,1,M,6.088083,Öckerö,K
N02797,1407,2013,1,T,5.890909,Öckerö,K
N02797,1407,2014,1,K,6.42978,Öckerö,K
N02797,1407,2014,1,M,6.842105,Öckerö,K
N02797,1407,2014,1,T,6.661732,Öckerö,K
N02797,1407,2015,1,K,4.310345,Öckerö,K
N02797,1407,2015,1,M,7.692308,Öckerö,K
N02797,1407,2015,1,T,6.207419,Öckerö,K
N02797,1407,2016,1,K,4.11449,Öckerö,K
N02797,1407,2016,1,M,5.96206,Öckerö,K
N02797,1407,2016,1,T,5.165767,Öckerö,K
N02797,1407,2017,1,K,4.701627,Öckerö,K
N02797,1407,2017,1,M,6.094183,Öckerö,K
N02797,1407,2017,1,T,5.490196,Öckerö,K
N02797,1407,2018,1,K,4.136691,Öckerö,K
N02797,1407,2018,1,M,4.417671,Öckerö,K
N02797,1407,2018,1,T,4.297774,Öckerö,K
N02797,1415,2007,1,K,4.941374,Stenungsund,K
N02797,1415,2007,1,M,4.347826,Stenungsund,K
N02797,1415,2008,1,K,5.267358,Stenungsund,K
N02797,1415,2008,1,M,3.7948,Stenungsund,K
N02797,1415,2008,1,T,4.484305,Stenungsund,K
N02797,1415,2009,1,K,7.12098,Stenungsund,K
N02797,1415,2009,1,M,4.945055,Stenungsund,K
N02797,1415,2009,1,T,5.973932,Stenungsund,K
N02797,1415,2010,1,K,6.969697,Stenungsund,K
N02797,1415,2010,1,M,4.242424,Stenungsund,K
N02797,1415,2010,1,T,5.525847,Stenungsund,K
N02797,1415,2011,1,K,5.738994,Stenungsund,K
N02797,1415,2011,1,M,5.693235,Stenungsund,K
N02797,1415,2011,1,T,5.714286,Stenungsund,K
N02797,1415,2012,1,K,6.599379,Stenungsund,K
N02797,1415,2012,1,M,6.887238,Stenungsund,K
N02797,1415,2012,1,T,6.753341,Stenungsund,K
N02797,1415,2013,1,K,5.700713,Stenungsund,K
N02797,1415,2013,1,M,6.293223,Stenungsund,K
N02797,1415,2013,1,T,6.01698,Stenungsund,K
N02797,1415,2014,1,K,6.802189,Stenungsund,K
N02797,1415,2014,1,M,6.864827,Stenungsund,K
N02797,1415,2014,1,T,6.835067,Stenungsund,K
N02797,1415,2015,1,K,6.619385,Stenungsund,K
N02797,1415,2015,1,M,6.038821,Stenungsund,K
N02797,1415,2015,1,T,6.315789,Stenungsund,K
N02797,1415,2016,1,K,6.365834,Stenungsund,K
N02797,1415,2016,1,M,5.886525,Stenungsund,K
N02797,1415,2016,1,T,6.110902,Stenungsund,K
N02797,1415,2017,1,K,6.369427,Stenungsund,K
N02797,1415,2017,1,M,5.361132,Stenungsund,K
N02797,1415,2017,1,T,5.848403,Stenungsund,K
N02797,1415,2018,1,K,4.724409,Stenungsund,K
N02797,1415,2018,1,M,5.882353,Stenungsund,K
N02797,1415,2018,1,T,5.323194,Stenungsund,K
N02797,1419,2007,1,K,5.706874,Tjörn,K
N02797,1419,2007,1,M,4.824561,Tjörn,K
N02797,1419,2008,1,K,3.940887,Tjörn,K
N02797,1419,2008,1,M,4.872881,Tjörn,K
N02797,1419,2008,1,T,4.4419129999999996,Tjörn,K
N02797,1419,2009,1,K,5.681818,Tjörn,K
N02797,1419,2009,1,M,6.414301,Tjörn,K
N02797,1419,2009,1,T,6.081469,Tjörn,K
N02797,1419,2010,1,K,4.903226,Tjörn,K
N02797,1419,2010,1,M,4.021164,Tjörn,K
N02797,1419,2010,1,T,4.418605,Tjörn,K
N02797,1419,2011,1,K,5.366492,Tjörn,K
N02797,1419,2011,1,M,3.560209,Tjörn,K
N02797,1419,2011,1,T,4.363002,Tjörn,K
N02797,1419,2012,1,K,5.981795,Tjörn,K
N02797,1419,2012,1,M,4.935622,Tjörn,K
N02797,1419,2012,1,T,5.408583,Tjörn,K
N02797,1419,2013,1,K,6.25,Tjörn,K
N02797,1419,2013,1,M,5.045872,Tjörn,K
N02797,1419,2013,1,T,5.590452,Tjörn,K
N02797,1419,2014,1,K,5.67867,Tjörn,K
N02797,1419,2014,1,M,6.385542,Tjörn,K
N02797,1419,2014,1,T,6.056701,Tjörn,K
N02797,1419,2015,1,K,6.05613,Tjörn,K
N02797,1419,2015,1,M,7.326478,Tjörn,K
N02797,1419,2015,1,T,6.735395,Tjörn,K
N02797,1419,2016,1,K,8.372093,Tjörn,K
N02797,1419,2016,1,M,6.73712,Tjörn,K
N02797,1419,2016,1,T,7.489301,Tjörn,K
N02797,1419,2017,1,K,6.31068,Tjörn,K
N02797,1419,2017,1,M,5.7692310000000004,Tjörn,K
N02797,1419,2017,1,T,6.017831,Tjörn,K
N02797,1419,2018,1,K,5.136986,Tjörn,K
N02797,1419,2018,1,M,6.702413,Tjörn,K
N02797,1419,2018,1,T,6.015038,Tjörn,K
N02797,1421,2007,1,K,6.111834,Orust,K
N02797,1421,2007,1,M,5.600933,Orust,K
N02797,1421,2008,1,K,6.860158,Orust,K
N02797,1421,2008,1,M,5.942857,Orust,K
N02797,1421,2008,1,T,6.368647,Orust,K
N02797,1421,2009,1,K,7.866667,Orust,K
N02797,1421,2009,1,M,7.736721,Orust,K
N02797,1421,2009,1,T,7.79703,Orust,K
N02797,1421,2010,1,K,5.986395,Orust,K
N02797,1421,2010,1,M,5.342625,Orust,K
N02797,1421,2010,1,T,5.639098,Orust,K
N02797,1421,2011,1,K,4.807692,Orust,K
N02797,1421,2011,1,M,4.852071,Orust,K
N02797,1421,2011,1,T,4.831532,Orust,K
N02797,1421,2012,1,K,4.564315,Orust,K
N02797,1421,2012,1,M,6.004902,Orust,K
N02797,1421,2012,1,T,5.328135,Orust,K
N02797,1421,2013,1,K,5.730659,Orust,K
N02797,1421,2013,1,M,5.913272,Orust,K
N02797,1421,2013,1,T,5.825908,Orust,K
N02797,1421,2014,1,K,4.373178,Orust,K
N02797,1421,2014,1,M,5.702918,Orust,K
N02797,1421,2014,1,T,5.069444,Orust,K
N02797,1421,2015,1,K,5.537975,Orust,K
N02797,1421,2015,1,M,6.486486,Orust,K
N02797,1421,2015,1,T,6.049563,Orust,K
N02797,1421,2016,1,K,5.919003,Orust,K
N02797,1421,2016,1,M,6.730769,Orust,K
N02797,1421,2016,1,T,6.350365,Orust,K
N02797,1421,2017,1,K,5.388273,Orust,K
N02797,1421,2017,1,M,4.246575,Orust,K
N02797,1421,2017,1,T,4.7759,Orust,K
N02797,1421,2018,1,K,4.723127,Orust,K
N02797,1421,2018,1,M,6.039326,Orust,K
N02797,1421,2018,1,T,5.429864,Orust,K
N02797,1427,2007,1,K,7.277628,Sotenäs,K
N02797,1427,2007,1,M,4.989605,Sotenäs,K
N02797,1427,2008,1,K,7.552083,Sotenäs,K
N02797,1427,2008,1,M,4.183267,Sotenäs,K
N02797,1427,2008,1,T,5.643341,Sotenäs,K
N02797,1427,2009,1,K,8.860759,Sotenäs,K
N02797,1427,2009,1,M,6.471816,Sotenäs,K
N02797,1427,2009,1,T,7.551487,Sotenäs,K
N02797,1427,2010,1,K,4.627249,Sotenäs,K
N02797,1427,2010,1,M,4.761905,Sotenäs,K
N02797,1427,2010,1,T,4.700353,Sotenäs,K
N02797,1427,2011,1,K,5.076142,Sotenäs,K
N02797,1427,2011,1,M,4.793028,Sotenäs,K
N02797,1427,2011,1,T,4.923798,Sotenäs,K
N02797,1427,2012,1,K,6.699752,Sotenäs,K
N02797,1427,2012,1,M,4.301075,Sotenäs,K
N02797,1427,2012,1,T,5.414747,Sotenäs,K
N02797,1427,2013,1,K,6.469003,Sotenäs,K
N02797,1427,2013,1,M,5.676856,Sotenäs,K
N02797,1427,2013,1,T,6.031363,Sotenäs,K
N02797,1427,2014,1,K,5.785124,Sotenäs,K
N02797,1427,2014,1,M,4.269663,Sotenäs,K
N02797,1427,2014,1,T,4.950495,Sotenäs,K
N02797,1427,2015,1,K,7.272727,Sotenäs,K
N02797,1427,2015,1,M,6.192661,Sotenäs,K
N02797,1427,2015,1,T,6.699147,Sotenäs,K
N02797,1427,2016,1,K,6.145251,Sotenäs,K
N02797,1427,2016,1,M,5.764967,Sotenäs,K
N02797,1427,2016,1,T,5.933251,Sotenäs,K
N02797,1427,2017,1,K,7.39645,Sotenäs,K
N02797,1427,2017,1,M,6.352941,Sotenäs,K
N02797,1427,2017,1,T,6.815203,Sotenäs,K
N02797,1427,2018,1,K,5.329154,Sotenäs,K
N02797,1427,2018,1,M,7.635468,Sotenäs,K
N02797,1427,2018,1,T,6.62069,Sotenäs,K
N02797,1430,2007,1,K,7.777778,Munkedal,K
N02797,1430,2007,1,M,5.933682,Munkedal,K
N02797,1430,2008,1,K,9.141791,Munkedal,K
N02797,1430,2008,1,M,6.132879,Munkedal,K
N02797,1430,2008,1,T,7.569012,Munkedal,K
N02797,1430,2009,1,K,8.888889,Munkedal,K
N02797,1430,2009,1,M,8.414239,Munkedal,K
N02797,1430,2009,1,T,8.635579,Munkedal,K
N02797,1430,2010,1,K,7.8125,Munkedal,K
N02797,1430,2010,1,M,6.229508,Munkedal,K
N02797,1430,2010,1,T,6.951872,Munkedal,K
N02797,1430,2011,1,K,9.514563,Munkedal,K
N02797,1430,2011,1,M,7.779579,Munkedal,K
N02797,1430,2011,1,T,8.568905,Munkedal,K
N02797,1430,2012,1,K,6.037736,Munkedal,K
N02797,1430,2012,1,M,7.011686,Munkedal,K
N02797,1430,2012,1,T,6.554473,Munkedal,K
N02797,1430,2013,1,K,6.902985,Munkedal,K
N02797,1430,2013,1,M,6.737589,Munkedal,K
N02797,1430,2013,1,T,6.818182,Munkedal,K
N02797,1430,2014,1,K,6.981132,Munkedal,K
N02797,1430,2014,1,M,8.041958,Munkedal,K
N02797,1430,2014,1,T,7.53176,Munkedal,K
N02797,1430,2015,1,K,7.459677,Munkedal,K
N02797,1430,2015,1,M,9.734513,Munkedal,K
N02797,1430,2015,1,T,8.671065,Munkedal,K
N02797,1430,2016,1,K,7.627119,Munkedal,K
N02797,1430,2016,1,M,10.326087,Munkedal,K
N02797,1430,2016,1,T,9.082031,Munkedal,K
N02797,1430,2017,1,K,6.49652,Munkedal,K
N02797,1430,2017,1,M,6.727273,Munkedal,K
N02797,1430,2017,1,T,6.625892,Munkedal,K
N02797,1430,2018,1,K,5.938242,Munkedal,K
N02797,1430,2018,1,M,6.072106,Munkedal,K
N02797,1430,2018,1,T,6.012658,Munkedal,K
N02797,1435,2007,1,K,7.596899,Tanum,K
N02797,1435,2007,1,M,6.104651,Tanum,K
N02797,1435,2008,1,K,5.990783,Tanum,K
N02797,1435,2008,1,M,5.509642,Tanum,K
N02797,1435,2008,1,T,5.73711,Tanum,K
N02797,1435,2009,1,K,6.72,Tanum,K
N02797,1435,2009,1,M,6.603774,Tanum,K
N02797,1435,2009,1,T,6.656913,Tanum,K
N02797,1435,2010,1,K,6.870229,Tanum,K
N02797,1435,2010,1,M,6.40327,Tanum,K
N02797,1435,2010,1,T,6.62347,Tanum,K
N02797,1435,2011,1,K,7.098765,Tanum,K
N02797,1435,2011,1,M,5.649718,Tanum,K
N02797,1435,2011,1,T,6.342183,Tanum,K
N02797,1435,2012,1,K,4.285714,Tanum,K
N02797,1435,2012,1,M,4.694168,Tanum,K
N02797,1435,2012,1,T,4.501125,Tanum,K
N02797,1435,2013,1,K,7,Tanum,K
N02797,1435,2013,1,M,5.109489,Tanum,K
N02797,1435,2013,1,T,5.992218,Tanum,K
N02797,1435,2014,1,K,5.975395,Tanum,K
N02797,1435,2014,1,M,5.329154,Tanum,K
N02797,1435,2014,1,T,5.633803,Tanum,K
N02797,1435,2015,1,K,6.557377,Tanum,K
N02797,1435,2015,1,M,7.30897,Tanum,K
N02797,1435,2015,1,T,6.950478,Tanum,K
N02797,1435,2016,1,K,5.938697,Tanum,K
N02797,1435,2016,1,M,6.976744,Tanum,K
N02797,1435,2016,1,T,6.494662,Tanum,K
N02797,1435,2017,1,K,6.95825,Tanum,K
N02797,1435,2017,1,M,7.575758,Tanum,K
N02797,1435,2017,1,T,7.292616,Tanum,K
N02797,1435,2018,1,K,5.93047,Tanum,K
N02797,1435,2018,1,M,6.879195,Tanum,K
N02797,1435,2018,1,T,6.451613,Tanum,K
N02797,1438,2007,1,K,8.4,Dals-Ed,K
N02797,1438,2007,1,M,5.980066,Dals-Ed,K
N02797,1438,2008,1,K,8.267717,Dals-Ed,K
N02797,1438,2008,1,M,6.840391,Dals-Ed,K
N02797,1438,2008,1,T,7.486631,Dals-Ed,K
N02797,1438,2009,1,K,8.438819,Dals-Ed,K
N02797,1438,2009,1,M,7.119741,Dals-Ed,K
N02797,1438,2009,1,T,7.692308,Dals-Ed,K
N02797,1438,2010,1,K,8.677686,Dals-Ed,K
N02797,1438,2010,1,M,9.634551,Dals-Ed,K
N02797,1438,2010,1,T,9.208103,Dals-Ed,K
N02797,1438,2011,1,K,8.906883,Dals-Ed,K
N02797,1438,2011,1,M,9.121622,Dals-Ed,K
N02797,1438,2011,1,T,9.023941,Dals-Ed,K
N02797,1438,2012,1,K,9.95671,Dals-Ed,K
N02797,1438,2012,1,M,8.695652,Dals-Ed,K
N02797,1438,2012,1,T,9.245283,Dals-Ed,K
N02797,1438,2013,1,K,7.111111,Dals-Ed,K
N02797,1438,2013,1,M,6.597222,Dals-Ed,K
N02797,1438,2013,1,T,6.822612,Dals-Ed,K
N02797,1438,2014,1,K,7.727273,Dals-Ed,K
N02797,1438,2014,1,M,11.186441,Dals-Ed,K
N02797,1438,2014,1,T,9.708738,Dals-Ed,K
N02797,1438,2015,1,K,9.52381,Dals-Ed,K
N02797,1438,2015,1,M,12.686567,Dals-Ed,K
N02797,1438,2015,1,T,11.297071,Dals-Ed,K
N02797,1438,2016,1,K,8.920188,Dals-Ed,K
N02797,1438,2016,1,M,16.078431,Dals-Ed,K
N02797,1438,2016,1,T,12.820513,Dals-Ed,K
N02797,1438,2017,1,K,9.405941,Dals-Ed,K
N02797,1438,2017,1,M,11.952191,Dals-Ed,K
N02797,1438,2017,1,T,10.816777,Dals-Ed,K
N02797,1438,2018,1,K,8.530806,Dals-Ed,K
N02797,1438,2018,1,M,7.569721,Dals-Ed,K
N02797,1438,2018,1,T,8.008658,Dals-Ed,K
N02797,1439,2007,1,K,11.076923,Färgelanda,K
N02797,1439,2007,1,M,6.852792,Färgelanda,K
N02797,1439,2008,1,K,10.946746,Färgelanda,K
N02797,1439,2008,1,M,5.569007,Färgelanda,K
N02797,1439,2008,1,T,7.989348,Färgelanda,K
N02797,1439,2009,1,K,10.755814,Färgelanda,K
N02797,1439,2009,1,M,9.268293,Färgelanda,K
N02797,1439,2009,1,T,9.94695,Färgelanda,K
N02797,1439,2010,1,K,7.5,Färgelanda,K
N02797,1439,2010,1,M,6.466513,Färgelanda,K
N02797,1439,2010,1,T,6.935687,Färgelanda,K
N02797,1439,2011,1,K,6.303725,Färgelanda,K
N02797,1439,2011,1,M,7.126437,Färgelanda,K
N02797,1439,2011,1,T,6.760204,Färgelanda,K
N02797,1439,2012,1,K,5.120482,Färgelanda,K
N02797,1439,2012,1,M,5.152225,Färgelanda,K
N02797,1439,2012,1,T,5.13834,Färgelanda,K
N02797,1439,2013,1,K,6.25,Färgelanda,K
N02797,1439,2013,1,M,5.955335,Färgelanda,K
N02797,1439,2013,1,T,6.085754,Färgelanda,K
N02797,1439,2014,1,K,7.741935,Färgelanda,K
N02797,1439,2014,1,M,7.068063,Färgelanda,K
N02797,1439,2014,1,T,7.369942,Färgelanda,K
N02797,1439,2015,1,K,10.561056,Färgelanda,K
N02797,1439,2015,1,M,8.28877,Färgelanda,K
N02797,1439,2015,1,T,9.305761,Färgelanda,K
N02797,1439,2016,1,K,8,Färgelanda,K
N02797,1439,2016,1,M,11.111111,Färgelanda,K
N02797,1439,2016,1,T,9.770115,Färgelanda,K
N02797,1439,2017,1,K,6.810036,Färgelanda,K
N02797,1439,2017,1,M,6.16622,Färgelanda,K
N02797,1439,2017,1,T,6.441718,Färgelanda,K
N02797,1439,2018,1,K,9.824561,Färgelanda,K
N02797,1439,2018,1,M,6.497175,Färgelanda,K
N02797,1439,2018,1,T,7.981221,Färgelanda,K
N02797,1440,2007,1,K,5.595409,Ale,K
N02797,1440,2007,1,M,4.927007,Ale,K
N02797,1440,2008,1,K,6.653089,Ale,K
N02797,1440,2008,1,M,6.423611,Ale,K
N02797,1440,2008,1,T,6.52921,Ale,K
N02797,1440,2009,1,K,7.318741,Ale,K
N02797,1440,2009,1,M,8.319185,Ale,K
N02797,1440,2009,1,T,7.866212,Ale,K
N02797,1440,2010,1,K,7.246377,Ale,K
N02797,1440,2010,1,M,7.106599,Ale,K
N02797,1440,2010,1,T,7.171073,Ale,K
N02797,1440,2011,1,K,6.848404,Ale,K
N02797,1440,2011,1,M,6.142778,Ale,K
N02797,1440,2011,1,T,6.463304,Ale,K
N02797,1440,2012,1,K,6.518905,Ale,K
N02797,1440,2012,1,M,7.305936,Ale,K
N02797,1440,2012,1,T,6.938527,Ale,K
N02797,1440,2013,1,K,7.628205,Ale,K
N02797,1440,2013,1,M,8.8251830000000009,Ale,K
N02797,1440,2013,1,T,8.265948,Ale,K
N02797,1440,2014,1,K,7.587549,Ale,K
N02797,1440,2014,1,M,8.799534,Ale,K
N02797,1440,2014,1,T,8.225905,Ale,K
N02797,1440,2015,1,K,7.054213,Ale,K
N02797,1440,2015,1,M,8.174224,Ale,K
N02797,1440,2015,1,T,7.639539,Ale,K
N02797,1440,2016,1,K,6.96452,Ale,K
N02797,1440,2016,1,M,7.273802,Ale,K
N02797,1440,2016,1,T,7.127295,Ale,K
N02797,1440,2017,1,K,4.857738,Ale,K
N02797,1440,2017,1,M,6.257521,Ale,K
N02797,1440,2017,1,T,5.607477,Ale,K
N02797,1440,2018,1,K,5.208333,Ale,K
N02797,1440,2018,1,M,5.948174,Ale,K
N02797,1440,2018,1,T,5.608668,Ale,K
N02797,1441,2007,1,K,5.65445,Lerum,K
N02797,1441,2007,1,M,5.263158,Lerum,K
N02797,1441,2008,1,K,5.667001,Lerum,K
N02797,1441,2008,1,M,4.971403,Lerum,K
N02797,1441,2008,1,T,5.296461,Lerum,K
N02797,1441,2009,1,K,6.453155,Lerum,K
N02797,1441,2009,1,M,7.148865,Lerum,K
N02797,1441,2009,1,T,6.823266,Lerum,K
N02797,1441,2010,1,K,6.008384,Lerum,K
N02797,1441,2010,1,M,5.630821,Lerum,K
N02797,1441,2010,1,T,5.810601,Lerum,K
N02797,1441,2011,1,K,5.539906,Lerum,K
N02797,1441,2011,1,M,4.308488,Lerum,K
N02797,1441,2011,1,T,4.897776,Lerum,K
N02797,1441,2012,1,K,6.352262,Lerum,K
N02797,1441,2012,1,M,6.239243,Lerum,K
N02797,1441,2012,1,T,6.292594,Lerum,K
N02797,1441,2013,1,K,5.560976,Lerum,K
N02797,1441,2013,1,M,6.52936,Lerum,K
N02797,1441,2013,1,T,6.071099,Lerum,K
N02797,1441,2014,1,K,5.643111,Lerum,K
N02797,1441,2014,1,M,5.851298,Lerum,K
N02797,1441,2014,1,T,5.754717,Lerum,K
N02797,1441,2015,1,K,5.626327,Lerum,K
N02797,1441,2015,1,M,6.227437,Lerum,K
N02797,1441,2015,1,T,5.95122,Lerum,K
N02797,1441,2016,1,K,5.524554,Lerum,K
N02797,1441,2016,1,M,6.335697,Lerum,K
N02797,1441,2016,1,T,5.963655,Lerum,K
N02797,1441,2017,1,K,4.7593,Lerum,K
N02797,1441,2017,1,M,5.846868,Lerum,K
N02797,1441,2017,1,T,5.347728,Lerum,K
N02797,1441,2018,1,K,4.233655,Lerum,K
N02797,1441,2018,1,M,4.915021,Lerum,K
N02797,1441,2018,1,T,4.600544,Lerum,K
N02797,1442,2007,1,K,7.051282,Vårgårda,K
N02797,1442,2007,1,M,5.509642,Vårgårda,K
N02797,1442,2008,1,K,5.669291,Vårgårda,K
N02797,1442,2008,1,M,5.227882,Vårgårda,K
N02797,1442,2008,1,T,5.430847,Vårgårda,K
N02797,1442,2009,1,K,9.819967,Vårgårda,K
N02797,1442,2009,1,M,7.764391,Vårgårda,K
N02797,1442,2009,1,T,8.689249,Vårgårda,K
N02797,1442,2010,1,K,7.78626,Vårgårda,K
N02797,1442,2010,1,M,5.27027,Vårgårda,K
N02797,1442,2010,1,T,6.451613,Vårgårda,K
N02797,1442,2011,1,K,8.371385,Vårgårda,K
N02797,1442,2011,1,M,5.481283,Vårgårda,K
N02797,1442,2011,1,T,6.83274,Vårgårda,K
N02797,1442,2012,1,K,8.878505,Vårgårda,K
N02797,1442,2012,1,M,6.830601,Vårgårda,K
N02797,1442,2012,1,T,7.787482,Vårgårda,K
N02797,1442,2013,1,K,8.29421,Vårgårda,K
N02797,1442,2013,1,M,8.034433,Vårgårda,K
N02797,1442,2013,1,T,8.158683,Vårgårda,K
N02797,1442,2014,1,K,6.300485,Vårgårda,K
N02797,1442,2014,1,M,9.370425,Vårgårda,K
N02797,1442,2014,1,T,7.910906,Vårgårda,K
N02797,1442,2015,1,K,9.5,Vårgårda,K
N02797,1442,2015,1,M,7.852564,Vårgårda,K
N02797,1442,2015,1,T,8.660131,Vårgårda,K
N02797,1442,2016,1,K,8.318891,Vårgårda,K
N02797,1442,2016,1,M,8.552632,Vårgårda,K
N02797,1442,2016,1,T,8.438819,Vårgårda,K
N02797,1442,2017,1,K,7.222222,Vårgårda,K
N02797,1442,2017,1,M,7.26979,Vårgårda,K
N02797,1442,2017,1,T,7.247627,Vårgårda,K
N02797,1442,2018,1,K,7.775769,Vårgårda,K
N02797,1442,2018,1,M,7.395498,Vårgårda,K
N02797,1442,2018,1,T,7.574468,Vårgårda,K
N02797,1443,2007,1,K,5.995204,Bollebygd,K
N02797,1443,2007,1,M,5.816555,Bollebygd,K
N02797,1443,2008,1,K,7.913669,Bollebygd,K
N02797,1443,2008,1,M,9.071274,Bollebygd,K
N02797,1443,2008,1,T,8.522727,Bollebygd,K
N02797,1443,2009,1,K,7.004831,Bollebygd,K
N02797,1443,2009,1,M,10.647182,Bollebygd,K
N02797,1443,2009,1,T,8.958567,Bollebygd,K
N02797,1443,2010,1,K,6.338028,Bollebygd,K
N02797,1443,2010,1,M,6.882591,Bollebygd,K
N02797,1443,2010,1,T,6.630435,Bollebygd,K
N02797,1443,2011,1,K,4.884319,Bollebygd,K
N02797,1443,2011,1,M,5.150215,Bollebygd,K
N02797,1443,2011,1,T,5.02924,Bollebygd,K
N02797,1443,2012,1,K,6.341463,Bollebygd,K
N02797,1443,2012,1,M,6.653226,Bollebygd,K
N02797,1443,2012,1,T,6.512141,Bollebygd,K
N02797,1443,2013,1,K,5.927835,Bollebygd,K
N02797,1443,2013,1,M,7.343413,Bollebygd,K
N02797,1443,2013,1,T,6.698002,Bollebygd,K
N02797,1443,2014,1,K,8.02139,Bollebygd,K
N02797,1443,2014,1,M,5.869565,Bollebygd,K
N02797,1443,2014,1,T,6.834532,Bollebygd,K
N02797,1443,2015,1,K,5.785124,Bollebygd,K
N02797,1443,2015,1,M,6.622517,Bollebygd,K
N02797,1443,2015,1,T,6.25,Bollebygd,K
N02797,1443,2016,1,K,5.99455,Bollebygd,K
N02797,1443,2016,1,M,5.831533,Bollebygd,K
N02797,1443,2016,1,T,5.903614,Bollebygd,K
N02797,1443,2017,1,K,4.788732,Bollebygd,K
N02797,1443,2017,1,M,5.133929,Bollebygd,K
N02797,1443,2017,1,T,4.98132,Bollebygd,K
N02797,1443,2018,1,K,5.96206,Bollebygd,K
N02797,1443,2018,1,M,6.681514,Bollebygd,K
N02797,1443,2018,1,T,6.356968,Bollebygd,K
N02797,1444,2007,1,K,7.590759,Grästorp,K
N02797,1444,2007,1,M,7.384615,Grästorp,K
N02797,1444,2008,1,K,7.348243,Grästorp,K
N02797,1444,2008,1,M,8.083832,Grästorp,K
N02797,1444,2008,1,T,7.727975,Grästorp,K
N02797,1444,2009,1,K,8.72093,Grästorp,K
N02797,1444,2009,1,M,11.235955,Grästorp,K
N02797,1444,2009,1,T,10,Grästorp,K
N02797,1444,2010,1,K,8.181818,Grästorp,K
N02797,1444,2010,1,M,7.954545,Grästorp,K
N02797,1444,2010,1,T,8.064516,Grästorp,K
N02797,1444,2011,1,K,6.832298,Grästorp,K
N02797,1444,2011,1,M,6.744868,Grästorp,K
N02797,1444,2011,1,T,6.78733,Grästorp,K
N02797,1444,2012,1,K,5.111821,Grästorp,K
N02797,1444,2012,1,M,8.81459,Grästorp,K
N02797,1444,2012,1,T,7.009346,Grästorp,K
N02797,1444,2013,1,K,2.310231,Grästorp,K
N02797,1444,2013,1,M,6.269592,Grästorp,K
N02797,1444,2013,1,T,4.340836,Grästorp,K
N02797,1444,2014,1,K,8.156028,Grästorp,K
N02797,1444,2014,1,M,8.881579,Grästorp,K
N02797,1444,2014,1,T,8.532423,Grästorp,K
N02797,1444,2015,1,K,8.045977,Grästorp,K
N02797,1444,2015,1,M,9.152542,Grästorp,K
N02797,1444,2015,1,T,8.633094,Grästorp,K
N02797,1444,2016,1,K,6.415094,Grästorp,K
N02797,1444,2016,1,M,10.332103,Grästorp,K
N02797,1444,2016,1,T,8.395522,Grästorp,K
N02797,1444,2017,1,K,4.744526,Grästorp,K
N02797,1444,2017,1,M,9.022556,Grästorp,K
N02797,1444,2017,1,T,6.851852,Grästorp,K
N02797,1444,2018,1,K,5.343511,Grästorp,K
N02797,1444,2018,1,M,5.681818,Grästorp,K
N02797,1444,2018,1,T,5.513308,Grästorp,K
N02797,1445,2007,1,K,4.362416,Essunga,K
N02797,1445,2007,1,M,6.818182,Essunga,K
N02797,1445,2008,1,K,7.166124,Essunga,K
N02797,1445,2008,1,M,6.916427,Essunga,K
N02797,1445,2008,1,T,7.033639,Essunga,K
N02797,1445,2009,1,K,9.210526,Essunga,K
N02797,1445,2009,1,M,10.542169,Essunga,K
N02797,1445,2009,1,T,9.90566,Essunga,K
N02797,1445,2010,1,K,5.723906,Essunga,K
N02797,1445,2010,1,M,10.97561,Essunga,K
N02797,1445,2010,1,T,8.48,Essunga,K
N02797,1445,2011,1,K,5.498282,Essunga,K
N02797,1445,2011,1,M,7.371795,Essunga,K
N02797,1445,2011,1,T,6.467662,Essunga,K
N02797,1445,2012,1,K,6.944444,Essunga,K
N02797,1445,2012,1,M,10.344828,Essunga,K
N02797,1445,2012,1,T,8.731466,Essunga,K
N02797,1445,2013,1,K,7.29927,Essunga,K
N02797,1445,2013,1,M,12.162162,Essunga,K
N02797,1445,2013,1,T,9.824561,Essunga,K
N02797,1445,2014,1,K,6.884058,Essunga,K
N02797,1445,2014,1,M,13.513514,Essunga,K
N02797,1445,2014,1,T,10.314685,Essunga,K
N02797,1445,2015,1,K,9.278351,Essunga,K
N02797,1445,2015,1,M,8.602151,Essunga,K
N02797,1445,2015,1,T,8.947368,Essunga,K
N02797,1445,2016,1,K,10.830325,Essunga,K
N02797,1445,2016,1,M,7.462687,Essunga,K
N02797,1445,2016,1,T,9.174312,Essunga,K
N02797,1445,2017,1,K,9.375,Essunga,K
N02797,1445,2017,1,M,9.126984,Essunga,K
N02797,1445,2017,1,T,9.251969,Essunga,K
N02797,1445,2018,1,K,7.8125,Essunga,K
N02797,1445,2018,1,M,11.392405,Essunga,K
N02797,1445,2018,1,T,9.533469,Essunga,K
N02797,1446,2007,1,K,5.825243,Karlsborg,K
N02797,1446,2007,1,M,7.142857,Karlsborg,K
N02797,1446,2008,1,K,6.188925,Karlsborg,K
N02797,1446,2008,1,M,5.376344,Karlsborg,K
N02797,1446,2008,1,T,5.743741,Karlsborg,K
N02797,1446,2009,1,K,6.606607,Karlsborg,K
N02797,1446,2009,1,M,9.448819,Karlsborg,K
N02797,1446,2009,1,T,8.123249,Karlsborg,K
N02797,1446,2010,1,K,4.956268,Karlsborg,K
N02797,1446,2010,1,M,10.875332,Karlsborg,K
N02797,1446,2010,1,T,8.055556,Karlsborg,K
N02797,1446,2011,1,K,4.154303,Karlsborg,K
N02797,1446,2011,1,M,7.235142,Karlsborg,K
N02797,1446,2011,1,T,5.801105,Karlsborg,K
N02797,1446,2012,1,K,4.747774,Karlsborg,K
N02797,1446,2012,1,M,7.317073,Karlsborg,K
N02797,1446,2012,1,T,6.090652,Karlsborg,K
N02797,1446,2013,1,K,9.31677,Karlsborg,K
N02797,1446,2013,1,M,7.671233,Karlsborg,K
N02797,1446,2013,1,T,8.442504,Karlsborg,K
N02797,1446,2014,1,K,10.09772,Karlsborg,K
N02797,1446,2014,1,M,7.377049,Karlsborg,K
N02797,1446,2014,1,T,8.618128,Karlsborg,K
N02797,1446,2015,1,K,10.702341,Karlsborg,K
N02797,1446,2015,1,M,6.707317,Karlsborg,K
N02797,1446,2015,1,T,8.61244,Karlsborg,K
N02797,1446,2016,1,K,8.360129,Karlsborg,K
N02797,1446,2016,1,M,5.828221,Karlsborg,K
N02797,1446,2016,1,T,7.064364,Karlsborg,K
N02797,1446,2017,1,K,10.144928,Karlsborg,K
N02797,1446,2017,1,M,3.378378,Karlsborg,K
N02797,1446,2017,1,T,6.643357,Karlsborg,K
N02797,1446,2018,1,K,7.575758,Karlsborg,K
N02797,1446,2018,1,M,4,Karlsborg,K
N02797,1446,2018,1,T,5.673759,Karlsborg,K
N02797,1447,2007,1,K,12.062257,Gullspång,K
N02797,1447,2007,1,M,5.750799,Gullspång,K
N02797,1447,2008,1,K,7.434944,Gullspång,K
N02797,1447,2008,1,M,10.725552,Gullspång,K
N02797,1447,2008,1,T,9.215017,Gullspång,K
N02797,1447,2009,1,K,10.545455,Gullspång,K
N02797,1447,2009,1,M,12.820513,Gullspång,K
N02797,1447,2009,1,T,11.754685,Gullspång,K
N02797,1447,2010,1,K,10,Gullspång,K
N02797,1447,2010,1,M,8.794788,Gullspång,K
N02797,1447,2010,1,T,9.347443,Gullspång,K
N02797,1447,2011,1,K,7.968127,Gullspång,K
N02797,1447,2011,1,M,9.120521,Gullspång,K
N02797,1447,2011,1,T,8.602151,Gullspång,K
N02797,1447,2012,1,K,14.473684,Gullspång,K
N02797,1447,2012,1,M,10.996564,Gullspång,K
N02797,1447,2012,1,T,12.524085,Gullspång,K
N02797,1447,2013,1,K,11.428571,Gullspång,K
N02797,1447,2013,1,M,10.646388,Gullspång,K
N02797,1447,2013,1,T,10.993658,Gullspång,K
N02797,1447,2014,1,K,14.220183,Gullspång,K
N02797,1447,2014,1,M,11.355311,Gullspång,K
N02797,1447,2014,1,T,12.627291,Gullspång,K
N02797,1447,2015,1,K,9.677419,Gullspång,K
N02797,1447,2015,1,M,9.642857,Gullspång,K
N02797,1447,2015,1,T,9.657948,Gullspång,K
N02797,1447,2016,1,K,14.222222,Gullspång,K
N02797,1447,2016,1,M,11.832061,Gullspång,K
N02797,1447,2016,1,T,12.936345,Gullspång,K
N02797,1447,2017,1,K,11.004785,Gullspång,K
N02797,1447,2017,1,M,8.108108,Gullspång,K
N02797,1447,2017,1,T,9.401709,Gullspång,K
N02797,1447,2018,1,K,9.767442,Gullspång,K
N02797,1447,2018,1,M,10.546875,Gullspång,K
N02797,1447,2018,1,T,10.191083,Gullspång,K
N02797,1452,2007,1,K,6.825939,Tranemo,K
N02797,1452,2007,1,M,5.539773,Tranemo,K
N02797,1452,2008,1,K,7.692308,Tranemo,K
N02797,1452,2008,1,M,5.980529,Tranemo,K
N02797,1452,2008,1,T,6.757783,Tranemo,K
N02797,1452,2009,1,K,9.380235,Tranemo,K
N02797,1452,2009,1,M,8.528198,Tranemo,K
N02797,1452,2009,1,T,8.912387,Tranemo,K
N02797,1452,2010,1,K,7.395498,Tranemo,K
N02797,1452,2010,1,M,5.555556,Tranemo,K
N02797,1452,2010,1,T,6.41994,Tranemo,K
N02797,1452,2011,1,K,5.636071,Tranemo,K
N02797,1452,2011,1,M,4.775687,Tranemo,K
N02797,1452,2011,1,T,5.182927,Tranemo,K
N02797,1452,2012,1,K,7.32899,Tranemo,K
N02797,1452,2012,1,M,5.539359,Tranemo,K
N02797,1452,2012,1,T,6.384615,Tranemo,K
N02797,1452,2013,1,K,7.588533,Tranemo,K
N02797,1452,2013,1,M,8.491947,Tranemo,K
N02797,1452,2013,1,T,8.0721,Tranemo,K
N02797,1452,2014,1,K,6.574394,Tranemo,K
N02797,1452,2014,1,M,5.942029,Tranemo,K
N02797,1452,2014,1,T,6.230284,Tranemo,K
N02797,1452,2015,1,K,6.545455,Tranemo,K
N02797,1452,2015,1,M,5.325444,Tranemo,K
N02797,1452,2015,1,T,5.872757,Tranemo,K
N02797,1452,2016,1,K,4.850746,Tranemo,K
N02797,1452,2016,1,M,6.193353,Tranemo,K
N02797,1452,2016,1,T,5.592654,Tranemo,K
N02797,1452,2017,1,K,4.924242,Tranemo,K
N02797,1452,2017,1,M,5.847076,Tranemo,K
N02797,1452,2017,1,T,5.439331,Tranemo,K
N02797,1452,2018,1,K,4.085603,Tranemo,K
N02797,1452,2018,1,M,4.9922,Tranemo,K
N02797,1452,2018,1,T,4.588745,Tranemo,K
N02797,1460,2007,1,K,6.512605,Bengtsfors,K
N02797,1460,2007,1,M,5.82878,Bengtsfors,K
N02797,1460,2008,1,K,7.738095,Bengtsfors,K
N02797,1460,2008,1,M,8.199643,Bengtsfors,K
N02797,1460,2008,1,T,7.981221,Bengtsfors,K
N02797,1460,2009,1,K,7.899807,Bengtsfors,K
N02797,1460,2009,1,M,8.777969,Bengtsfors,K
N02797,1460,2009,1,T,8.363636,Bengtsfors,K
N02797,1460,2010,1,K,8.301887,Bengtsfors,K
N02797,1460,2010,1,M,8.376963,Bengtsfors,K
N02797,1460,2010,1,T,8.340888,Bengtsfors,K
N02797,1460,2011,1,K,7.784431,Bengtsfors,K
N02797,1460,2011,1,M,6.595365,Bengtsfors,K
N02797,1460,2011,1,T,7.156309,Bengtsfors,K
N02797,1460,2012,1,K,10.743802,Bengtsfors,K
N02797,1460,2012,1,M,6.747405,Bengtsfors,K
N02797,1460,2012,1,T,8.568738,Bengtsfors,K
N02797,1460,2013,1,K,9.170306,Bengtsfors,K
N02797,1460,2013,1,M,7.142857,Bengtsfors,K
N02797,1460,2013,1,T,8.05501,Bengtsfors,K
N02797,1460,2014,1,K,7.589286,Bengtsfors,K
N02797,1460,2014,1,M,7.846715,Bengtsfors,K
N02797,1460,2014,1,T,7.730924,Bengtsfors,K
N02797,1460,2015,1,K,8.986175,Bengtsfors,K
N02797,1460,2015,1,M,10.742188,Bengtsfors,K
N02797,1460,2015,1,T,9.936575,Bengtsfors,K
N02797,1460,2016,1,K,9.692671,Bengtsfors,K
N02797,1460,2016,1,M,10.188679,Bengtsfors,K
N02797,1460,2016,1,T,9.96852,Bengtsfors,K
N02797,1460,2017,1,K,8.393285,Bengtsfors,K
N02797,1460,2017,1,M,7.520325,Bengtsfors,K
N02797,1460,2017,1,T,7.920792,Bengtsfors,K
N02797,1460,2018,1,K,5.301205,Bengtsfors,K
N02797,1460,2018,1,M,7.929515,Bengtsfors,K
N02797,1460,2018,1,T,6.674338,Bengtsfors,K
N02797,1461,2007,1,K,11.491935,Mellerud,K
N02797,1461,2007,1,M,6.336634,Mellerud,K
N02797,1461,2008,1,K,12.031558,Mellerud,K
N02797,1461,2008,1,M,6.578947,Mellerud,K
N02797,1461,2008,1,T,9.239654,Mellerud,K
N02797,1461,2009,1,K,13.319672,Mellerud,K
N02797,1461,2009,1,M,10,Mellerud,K
N02797,1461,2009,1,T,11.575875,Mellerud,K
N02797,1461,2010,1,K,11.554622,Mellerud,K
N02797,1461,2010,1,M,11.131725,Mellerud,K
N02797,1461,2010,1,T,11.330049,Mellerud,K
N02797,1461,2011,1,K,9.482759,Mellerud,K
N02797,1461,2011,1,M,10,Mellerud,K
N02797,1461,2011,1,T,9.763314,Mellerud,K
N02797,1461,2012,1,K,7.925408,Mellerud,K
N02797,1461,2012,1,M,9.193246,Mellerud,K
N02797,1461,2012,1,T,8.627859,Mellerud,K
N02797,1461,2013,1,K,9.501188,Mellerud,K
N02797,1461,2013,1,M,7.763401,Mellerud,K
N02797,1461,2013,1,T,8.523909,Mellerud,K
N02797,1461,2014,1,K,6.57277,Mellerud,K
N02797,1461,2014,1,M,6.921676,Mellerud,K
N02797,1461,2014,1,T,6.7692310000000004,Mellerud,K
N02797,1461,2015,1,K,10.80402,Mellerud,K
N02797,1461,2015,1,M,11.509434,Mellerud,K
N02797,1461,2015,1,T,11.206897,Mellerud,K
N02797,1461,2016,1,K,11.166253,Mellerud,K
N02797,1461,2016,1,M,13.407821,Mellerud,K
N02797,1461,2016,1,T,12.446809,Mellerud,K
N02797,1461,2017,1,K,13.14433,Mellerud,K
N02797,1461,2017,1,M,11.895161,Mellerud,K
N02797,1461,2017,1,T,12.443439,Mellerud,K
N02797,1461,2018,1,K,7.552083,Mellerud,K
N02797,1461,2018,1,M,7.916667,Mellerud,K
N02797,1461,2018,1,T,7.75463,Mellerud,K
N02797,1462,2007,1,K,8.462623,Lilla Edet,K
N02797,1462,2007,1,M,6.306306,Lilla Edet,K
N02797,1462,2008,1,K,8.8,Lilla Edet,K
N02797,1462,2008,1,M,6.140351,Lilla Edet,K
N02797,1462,2008,1,T,7.428941,Lilla Edet,K
N02797,1462,2009,1,K,8.190225,Lilla Edet,K
N02797,1462,2009,1,M,8.668342,Lilla Edet,K
N02797,1462,2009,1,T,8.435287,Lilla Edet,K
N02797,1462,2010,1,K,9.503546,Lilla Edet,K
N02797,1462,2010,1,M,6.786172,Lilla Edet,K
N02797,1462,2010,1,T,8.07537,Lilla Edet,K
N02797,1462,2011,1,K,9.198813,Lilla Edet,K
N02797,1462,2011,1,M,5.324675,Lilla Edet,K
N02797,1462,2011,1,T,7.132964,Lilla Edet,K
N02797,1462,2012,1,K,10.276074,Lilla Edet,K
N02797,1462,2012,1,M,7.31383,Lilla Edet,K
N02797,1462,2012,1,T,8.689459,Lilla Edet,K
N02797,1462,2013,1,K,10.02994,Lilla Edet,K
N02797,1462,2013,1,M,8.8,Lilla Edet,K
N02797,1462,2013,1,T,9.379408,Lilla Edet,K
N02797,1462,2014,1,K,9.726444,Lilla Edet,K
N02797,1462,2014,1,M,10.25974,Lilla Edet,K
N02797,1462,2014,1,T,10.014006,Lilla Edet,K
N02797,1462,2015,1,K,8.854962,Lilla Edet,K
N02797,1462,2015,1,M,11.934156,Lilla Edet,K
N02797,1462,2015,1,T,10.476879,Lilla Edet,K
N02797,1462,2016,1,K,7.878788,Lilla Edet,K
N02797,1462,2016,1,M,9.318498,Lilla Edet,K
N02797,1462,2016,1,T,8.629442,Lilla Edet,K
N02797,1462,2017,1,K,7.621951,Lilla Edet,K
N02797,1462,2017,1,M,9.078014,Lilla Edet,K
N02797,1462,2017,1,T,8.376194,Lilla Edet,K
N02797,1462,2018,1,K,7.907743,Lilla Edet,K
N02797,1462,2018,1,M,7.959479,Lilla Edet,K
N02797,1462,2018,1,T,7.935285,Lilla Edet,K
N02797,1463,2007,1,K,7.336957,Mark,K
N02797,1463,2007,1,M,6.187123,Mark,K
N02797,1463,2008,1,K,6.728778,Mark,K
N02797,1463,2008,1,M,6.995074,Mark,K
N02797,1463,2008,1,T,6.86522,Mark,K
N02797,1463,2009,1,K,8.004053,Mark,K
N02797,1463,2009,1,M,10.131515,Mark,K
N02797,1463,2009,1,T,9.088652,Mark,K
N02797,1463,2010,1,K,7.823834,Mark,K
N02797,1463,2010,1,M,7.287645,Mark,K
N02797,1463,2010,1,T,7.546227,Mark,K
N02797,1463,2011,1,K,7.938144,Mark,K
N02797,1463,2011,1,M,7.121951,Mark,K
N02797,1463,2011,1,T,7.518797,Mark,K
N02797,1463,2012,1,K,7.043011,Mark,K
N02797,1463,2012,1,M,6.742687,Mark,K
N02797,1463,2012,1,T,6.886768,Mark,K
N02797,1463,2013,1,K,7.491857,Mark,K
N02797,1463,2013,1,M,7.94702,Mark,K
N02797,1463,2013,1,T,7.726675,Mark,K
N02797,1463,2014,1,K,7.452725,Mark,K
N02797,1463,2014,1,M,8.307849,Mark,K
N02797,1463,2014,1,T,7.898936,Mark,K
N02797,1463,2015,1,K,6.366197,Mark,K
N02797,1463,2015,1,M,7.905759,Mark,K
N02797,1463,2015,1,T,7.164179,Mark,K
N02797,1463,2016,1,K,6.205674,Mark,K
N02797,1463,2016,1,M,6.992639,Mark,K
N02797,1463,2016,1,T,6.622148,Mark,K
N02797,1463,2017,1,K,5.703883,Mark,K
N02797,1463,2017,1,M,6.6313,Mark,K
N02797,1463,2017,1,T,6.198698,Mark,K
N02797,1463,2018,1,K,5.299685,Mark,K
N02797,1463,2018,1,M,6.871908,Mark,K
N02797,1463,2018,1,T,6.139835,Mark,K
N02797,1465,2007,1,K,8.695652,Svenljunga,K
N02797,1465,2007,1,M,5.851064,Svenljunga,K
N02797,1465,2008,1,K,5.535714,Svenljunga,K
N02797,1465,2008,1,M,5.882353,Svenljunga,K
N02797,1465,2008,1,T,5.711775,Svenljunga,K
N02797,1465,2009,1,K,6.306306,Svenljunga,K
N02797,1465,2009,1,M,9.348915,Svenljunga,K
N02797,1465,2009,1,T,7.885615,Svenljunga,K
N02797,1465,2010,1,K,8.202443,Svenljunga,K
N02797,1465,2010,1,M,6.5,Svenljunga,K
N02797,1465,2010,1,T,7.331628,Svenljunga,K
N02797,1465,2011,1,K,7.509158,Svenljunga,K
N02797,1465,2011,1,M,5.008347,Svenljunga,K
N02797,1465,2011,1,T,6.200873,Svenljunga,K
N02797,1465,2012,1,K,7.142857,Svenljunga,K
N02797,1465,2012,1,M,7.291667,Svenljunga,K
N02797,1465,2012,1,T,7.220217,Svenljunga,K
N02797,1465,2013,1,K,8.272059,Svenljunga,K
N02797,1465,2013,1,M,7.747748,Svenljunga,K
N02797,1465,2013,1,T,8.007279,Svenljunga,K
N02797,1465,2014,1,K,7.869482,Svenljunga,K
N02797,1465,2014,1,M,7.142857,Svenljunga,K
N02797,1465,2014,1,T,7.502374,Svenljunga,K
N02797,1465,2015,1,K,7.961165,Svenljunga,K
N02797,1465,2015,1,M,6.877323,Svenljunga,K
N02797,1465,2015,1,T,7.407407,Svenljunga,K
N02797,1465,2016,1,K,7.835052,Svenljunga,K
N02797,1465,2016,1,M,7.627119,Svenljunga,K
N02797,1465,2016,1,T,7.72093,Svenljunga,K
N02797,1465,2017,1,K,6.21118,Svenljunga,K
N02797,1465,2017,1,M,8.672566,Svenljunga,K
N02797,1465,2017,1,T,7.538168,Svenljunga,K
N02797,1465,2018,1,K,6.318083,Svenljunga,K
N02797,1465,2018,1,M,7.620818,Svenljunga,K
N02797,1465,2018,1,T,7.021063,Svenljunga,K
N02797,1466,2007,1,K,7.331976,Herrljunga,K
N02797,1466,2007,1,M,5.733558,Herrljunga,K
N02797,1466,2008,1,K,8.870968,Herrljunga,K
N02797,1466,2008,1,M,7.792208,Herrljunga,K
N02797,1466,2008,1,T,8.273381,Herrljunga,K
N02797,1466,2009,1,K,9.596929,Herrljunga,K
N02797,1466,2009,1,M,8.864697,Herrljunga,K
N02797,1466,2009,1,T,9.19244,Herrljunga,K
N02797,1466,2010,1,K,7.862903,Herrljunga,K
N02797,1466,2010,1,M,9.018987,Herrljunga,K
N02797,1466,2010,1,T,8.510638,Herrljunga,K
N02797,1466,2011,1,K,6.832298,Herrljunga,K
N02797,1466,2011,1,M,6.15142,Herrljunga,K
N02797,1466,2011,1,T,6.445837,Herrljunga,K
N02797,1466,2012,1,K,9.583333,Herrljunga,K
N02797,1466,2012,1,M,6.040268,Herrljunga,K
N02797,1466,2012,1,T,7.620818,Herrljunga,K
N02797,1466,2013,1,K,7.956989,Herrljunga,K
N02797,1466,2013,1,M,5.932203,Herrljunga,K
N02797,1466,2013,1,T,6.824645,Herrljunga,K
N02797,1466,2014,1,K,10.085837,Herrljunga,K
N02797,1466,2014,1,M,7.885305,Herrljunga,K
N02797,1466,2014,1,T,8.886719,Herrljunga,K
N02797,1466,2015,1,K,9.615385,Herrljunga,K
N02797,1466,2015,1,M,8.318264,Herrljunga,K
N02797,1466,2015,1,T,8.912831,Herrljunga,K
N02797,1466,2016,1,K,9.677419,Herrljunga,K
N02797,1466,2016,1,M,8.630394,Herrljunga,K
N02797,1466,2016,1,T,9.118236,Herrljunga,K
N02797,1466,2017,1,K,7.177033,Herrljunga,K
N02797,1466,2017,1,M,6.949807,Herrljunga,K
N02797,1466,2017,1,T,7.051282,Herrljunga,K
N02797,1466,2018,1,K,6.714628,Herrljunga,K
N02797,1466,2018,1,M,6.666667,Herrljunga,K
N02797,1466,2018,1,T,6.687898,Herrljunga,K
N02797,1470,2007,1,K,8.187135,Vara,K
N02797,1470,2007,1,M,6.050955,Vara,K
N02797,1470,2008,1,K,6.759907,Vara,K
N02797,1470,2008,1,M,6.358974,Vara,K
N02797,1470,2008,1,T,6.546645,Vara,K
N02797,1470,2009,1,K,9.490741,Vara,K
N02797,1470,2009,1,M,9.846154,Vara,K
N02797,1470,2009,1,T,9.679173,Vara,K
N02797,1470,2010,1,K,8.219178,Vara,K
N02797,1470,2010,1,M,7.227723,Vara,K
N02797,1470,2010,1,T,7.688229,Vara,K
N02797,1470,2011,1,K,7.368421,Vara,K
N02797,1470,2011,1,M,7.51269,Vara,K
N02797,1470,2011,1,T,7.445652,Vara,K
N02797,1470,2012,1,K,7.281553,Vara,K
N02797,1470,2012,1,M,8.016444,Vara,K
N02797,1470,2012,1,T,7.679466,Vara,K
N02797,1470,2013,1,K,7.79703,Vara,K
N02797,1470,2013,1,M,8.709677,Vara,K
N02797,1470,2013,1,T,8.285386,Vara,K
N02797,1470,2014,1,K,8.494208,Vara,K
N02797,1470,2014,1,M,8.351648,Vara,K
N02797,1470,2014,1,T,8.417309,Vara,K
N02797,1470,2015,1,K,6.869221,Vara,K
N02797,1470,2015,1,M,8.614668,Vara,K
N02797,1470,2015,1,T,7.79703,Vara,K
N02797,1470,2016,1,K,8.276798,Vara,K
N02797,1470,2016,1,M,9.263658,Vara,K
N02797,1470,2016,1,T,8.80304,Vara,K
N02797,1470,2017,1,K,7.26257,Vara,K
N02797,1470,2017,1,M,7.220217,Vara,K
N02797,1470,2017,1,T,7.239819,Vara,K
N02797,1470,2018,1,K,7.434402,Vara,K
N02797,1470,2018,1,M,6.781751,Vara,K
N02797,1470,2018,1,T,7.080828,Vara,K
N02797,1471,2007,1,K,6.089744,Götene,K
N02797,1471,2007,1,M,4.392387,Götene,K
N02797,1471,2008,1,K,6.487342,Götene,K
N02797,1471,2008,1,M,6.473829,Götene,K
N02797,1471,2008,1,T,6.480118,Götene,K
N02797,1471,2009,1,K,7.305936,Götene,K
N02797,1471,2009,1,M,8.891753,Götene,K
N02797,1471,2009,1,T,8.164689,Götene,K
N02797,1471,2010,1,K,6.277372,Götene,K
N02797,1471,2010,1,M,6.753247,Götene,K
N02797,1471,2010,1,T,6.52921,Götene,K
N02797,1471,2011,1,K,8.258258,Götene,K
N02797,1471,2011,1,M,5.598958,Götene,K
N02797,1471,2011,1,T,6.834031,Götene,K
N02797,1471,2012,1,K,8.396947,Götene,K
N02797,1471,2012,1,M,8.300395,Götene,K
N02797,1471,2012,1,T,8.34512,Götene,K
N02797,1471,2013,1,K,9.208401,Götene,K
N02797,1471,2013,1,M,8.79567,Götene,K
N02797,1471,2013,1,T,8.9838,Götene,K
N02797,1471,2014,1,K,10.25641,Götene,K
N02797,1471,2014,1,M,7.923497,Götene,K
N02797,1471,2014,1,T,8.959757,Götene,K
N02797,1471,2015,1,K,9.605489,Götene,K
N02797,1471,2015,1,M,9.090909,Götene,K
N02797,1471,2015,1,T,9.320092,Götene,K
N02797,1471,2016,1,K,9.265734,Götene,K
N02797,1471,2016,1,M,9.610028,Götene,K
N02797,1471,2016,1,T,9.457364,Götene,K
N02797,1471,2017,1,K,8.014572,Götene,K
N02797,1471,2017,1,M,6.794682,Götene,K
N02797,1471,2017,1,T,7.340946,Götene,K
N02797,1471,2018,1,K,7.777778,Götene,K
N02797,1471,2018,1,M,5.710102,Götene,K
N02797,1471,2018,1,T,6.623058,Götene,K
N02797,1472,2007,1,K,11.330935,Tibro,K
N02797,1472,2007,1,M,5.654281,Tibro,K
N02797,1472,2008,1,K,11.111111,Tibro,K
N02797,1472,2008,1,M,7.515337,Tibro,K
N02797,1472,2008,1,T,9.201954,Tibro,K
N02797,1472,2009,1,K,11.956522,Tibro,K
N02797,1472,2009,1,M,12.633181,Tibro,K
N02797,1472,2009,1,T,12.324235,Tibro,K
N02797,1472,2010,1,K,8.362369,Tibro,K
N02797,1472,2010,1,M,8.87218,Tibro,K
N02797,1472,2010,1,T,8.635997,Tibro,K
N02797,1472,2011,1,K,7.216495,Tibro,K
N02797,1472,2011,1,M,7.680723,Tibro,K
N02797,1472,2011,1,T,7.463884,Tibro,K
N02797,1472,2012,1,K,9.589041,Tibro,K
N02797,1472,2012,1,M,8.832335,Tibro,K
N02797,1472,2012,1,T,9.185304,Tibro,K
N02797,1472,2013,1,K,9.615385,Tibro,K
N02797,1472,2013,1,M,8.308605,Tibro,K
N02797,1472,2013,1,T,8.908507,Tibro,K
N02797,1472,2014,1,K,7.522936,Tibro,K
N02797,1472,2014,1,M,8.217054,Tibro,K
N02797,1472,2014,1,T,7.89916,Tibro,K
N02797,1472,2015,1,K,10.642202,Tibro,K
N02797,1472,2015,1,M,7.993475,Tibro,K
N02797,1472,2015,1,T,9.240069,Tibro,K
N02797,1472,2016,1,K,6.83112,Tibro,K
N02797,1472,2016,1,M,7.272727,Tibro,K
N02797,1472,2016,1,T,7.067138,Tibro,K
N02797,1472,2017,1,K,5.576208,Tibro,K
N02797,1472,2017,1,M,6.315789,Tibro,K
N02797,1472,2017,1,T,5.956679,Tibro,K
N02797,1472,2018,1,K,6.163022,Tibro,K
N02797,1472,2018,1,M,6.595365,Tibro,K
N02797,1472,2018,1,T,6.390977,Tibro,K
N02797,1473,2007,1,K,8.823529,Töreboda,K
N02797,1473,2007,1,M,6.133829,Töreboda,K
N02797,1473,2008,1,K,10.136452,Töreboda,K
N02797,1473,2008,1,M,7.155635,Töreboda,K
N02797,1473,2008,1,T,8.5820900000000009,Töreboda,K
N02797,1473,2009,1,K,13.94052,Töreboda,K
N02797,1473,2009,1,M,14.360771,Töreboda,K
N02797,1473,2009,1,T,14.156898,Töreboda,K
N02797,1473,2010,1,K,10.076046,Töreboda,K
N02797,1473,2010,1,M,12.363636,Töreboda,K
N02797,1473,2010,1,T,11.245353,Töreboda,K
N02797,1473,2011,1,K,10.27668,Töreboda,K
N02797,1473,2011,1,M,9.090909,Töreboda,K
N02797,1473,2011,1,T,9.659091,Töreboda,K
N02797,1473,2012,1,K,9.958506,Töreboda,K
N02797,1473,2012,1,M,13.043478,Töreboda,K
N02797,1473,2012,1,T,11.605416,Töreboda,K
N02797,1473,2013,1,K,9.271523,Töreboda,K
N02797,1473,2013,1,M,9.124088,Töreboda,K
N02797,1473,2013,1,T,9.190809,Töreboda,K
N02797,1473,2014,1,K,9.601874,Töreboda,K
N02797,1473,2014,1,M,8.052434,Töreboda,K
N02797,1473,2014,1,T,8.740895,Töreboda,K
N02797,1473,2015,1,K,9.836066,Töreboda,K
N02797,1473,2015,1,M,9.724771,Töreboda,K
N02797,1473,2015,1,T,9.773663,Töreboda,K
N02797,1473,2016,1,K,6.603774,Töreboda,K
N02797,1473,2016,1,M,8.522727,Töreboda,K
N02797,1473,2016,1,T,7.668067,Töreboda,K
N02797,1473,2017,1,K,9.156627,Töreboda,K
N02797,1473,2017,1,M,6.693712,Töreboda,K
N02797,1473,2017,1,T,7.819383,Töreboda,K
N02797,1473,2018,1,K,9.090909,Töreboda,K
N02797,1473,2018,1,M,7.630522,Töreboda,K
N02797,1473,2018,1,T,8.287293,Töreboda,K
N02797,1480,2007,1,K,7.154971,Göteborg,K
N02797,1480,2007,1,M,7.171072,Göteborg,K
N02797,1480,2008,1,K,7.502807,Göteborg,K
N02797,1480,2008,1,M,7.752302,Göteborg,K
N02797,1480,2008,1,T,7.627278,Göteborg,K
N02797,1480,2009,1,K,8.589689,Göteborg,K
N02797,1480,2009,1,M,9.697644,Göteborg,K
N02797,1480,2009,1,T,9.140917,Göteborg,K
N02797,1480,2010,1,K,7.653584,Göteborg,K
N02797,1480,2010,1,M,7.840653,Göteborg,K
N02797,1480,2010,1,T,7.745952,Göteborg,K
N02797,1480,2011,1,K,7.109005,Göteborg,K
N02797,1480,2011,1,M,7.318809,Göteborg,K
N02797,1480,2011,1,T,7.21194,Göteborg,K
N02797,1480,2012,1,K,7.396299,Göteborg,K
N02797,1480,2012,1,M,7.748733,Göteborg,K
N02797,1480,2012,1,T,7.569374,Göteborg,K
N02797,1480,2013,1,K,7.005254,Göteborg,K
N02797,1480,2013,1,M,7.679042,Göteborg,K
N02797,1480,2013,1,T,7.335794,Göteborg,K
N02797,1480,2014,1,K,6.728041,Göteborg,K
N02797,1480,2014,1,M,7.352804,Göteborg,K
N02797,1480,2014,1,T,7.035738,Göteborg,K
N02797,1480,2015,1,K,6.63844,Göteborg,K
N02797,1480,2015,1,M,7.220794,Göteborg,K
N02797,1480,2015,1,T,6.927519,Göteborg,K
N02797,1480,2016,1,K,6.412876,Göteborg,K
N02797,1480,2016,1,M,7.289373,Göteborg,K
N02797,1480,2016,1,T,6.850952,Göteborg,K
N02797,1480,2017,1,K,6.073406,Göteborg,K
N02797,1480,2017,1,M,6.580821,Göteborg,K
N02797,1480,2017,1,T,6.32855,Göteborg,K
N02797,1480,2018,1,K,5.860471,Göteborg,K
N02797,1480,2018,1,M,6.644508,Göteborg,K
N02797,1480,2018,1,T,6.256559,Göteborg,K
N02797,1481,2007,1,K,6.022585,Mölndal,K
N02797,1481,2007,1,M,6.645478,Mölndal,K
N02797,1481,2008,1,K,6.297077,Mölndal,K
N02797,1481,2008,1,M,6.754436,Mölndal,K
N02797,1481,2008,1,T,6.531631,Mölndal,K
N02797,1481,2009,1,K,7.491389,Mölndal,K
N02797,1481,2009,1,M,8.467518,Mölndal,K
N02797,1481,2009,1,T,7.987581,Mölndal,K
N02797,1481,2010,1,K,6.634258,Mölndal,K
N02797,1481,2010,1,M,6.480971,Mölndal,K
N02797,1481,2010,1,T,6.556226,Mölndal,K
N02797,1481,2011,1,K,6.11417,Mölndal,K
N02797,1481,2011,1,M,6.00882,Mölndal,K
N02797,1481,2011,1,T,6.060178,Mölndal,K
N02797,1481,2012,1,K,6.108403,Mölndal,K
N02797,1481,2012,1,M,7.121086,Mölndal,K
N02797,1481,2012,1,T,6.62345,Mölndal,K
N02797,1481,2013,1,K,5.865188,Mölndal,K
N02797,1481,2013,1,M,6.692694,Mölndal,K
N02797,1481,2013,1,T,6.288322,Mölndal,K
N02797,1481,2014,1,K,5.016134,Mölndal,K
N02797,1481,2014,1,M,5.997249,Mölndal,K
N02797,1481,2014,1,T,5.52243,Mölndal,K
N02797,1481,2015,1,K,4.849747,Mölndal,K
N02797,1481,2015,1,M,5.768132,Mölndal,K
N02797,1481,2015,1,T,5.318374,Mölndal,K
N02797,1481,2016,1,K,5.352941,Mölndal,K
N02797,1481,2016,1,M,5.184761,Mölndal,K
N02797,1481,2016,1,T,5.267741,Mölndal,K
N02797,1481,2017,1,K,4.260355,Mölndal,K
N02797,1481,2017,1,M,4.352679,Mölndal,K
N02797,1481,2017,1,T,4.307869,Mölndal,K
N02797,1481,2018,1,K,4.381892,Mölndal,K
N02797,1481,2018,1,M,4.761905,Mölndal,K
N02797,1481,2018,1,T,4.576367,Mölndal,K
N02797,1482,2007,1,K,5.451937,Kungälv,K
N02797,1482,2007,1,M,4.052395,Kungälv,K
N02797,1482,2008,1,K,5.438202,Kungälv,K
N02797,1482,2008,1,M,4.81409,Kungälv,K
N02797,1482,2008,1,T,5.104603,Kungälv,K
N02797,1482,2009,1,K,6.401766,Kungälv,K
N02797,1482,2009,1,M,6.181267,Kungälv,K
N02797,1482,2009,1,T,6.28315,Kungälv,K
N02797,1482,2010,1,K,5.774166,Kungälv,K
N02797,1482,2010,1,M,4.91122,Kungälv,K
N02797,1482,2010,1,T,5.315948,Kungälv,K
N02797,1482,2011,1,K,5.54371,Kungälv,K
N02797,1482,2011,1,M,4.723502,Kungälv,K
N02797,1482,2011,1,T,5.112144,Kungälv,K
N02797,1482,2012,1,K,5.567733,Kungälv,K
N02797,1482,2012,1,M,5.416991,Kungälv,K
N02797,1482,2012,1,T,5.487931,Kungälv,K
N02797,1482,2013,1,K,5.392157,Kungälv,K
N02797,1482,2013,1,M,6.103476,Kungälv,K
N02797,1482,2013,1,T,5.765155,Kungälv,K
N02797,1482,2014,1,K,6.338999,Kungälv,K
N02797,1482,2014,1,M,7.057823,Kungälv,K
N02797,1482,2014,1,T,6.712299,Kungälv,K
N02797,1482,2015,1,K,5.1183,Kungälv,K
N02797,1482,2015,1,M,7.215582,Kungälv,K
N02797,1482,2015,1,T,6.212471,Kungälv,K
N02797,1482,2016,1,K,4.78068,Kungälv,K
N02797,1482,2016,1,M,6.495264,Kungälv,K
N02797,1482,2016,1,T,5.67593,Kungälv,K
N02797,1482,2017,1,K,4.916421,Kungälv,K
N02797,1482,2017,1,M,5.652574,Kungälv,K
N02797,1482,2017,1,T,5.296912,Kungälv,K
N02797,1482,2018,1,K,4.793864,Kungälv,K
N02797,1482,2018,1,M,6.1391540000000004,Kungälv,K
N02797,1482,2018,1,T,5.484247,Kungälv,K
N02797,1484,2007,1,K,5.067064,Lysekil,K
N02797,1484,2007,1,M,6.758448,Lysekil,K
N02797,1484,2008,1,K,6.599713,Lysekil,K
N02797,1484,2008,1,M,7.869249,Lysekil,K
N02797,1484,2008,1,T,7.288247,Lysekil,K
N02797,1484,2009,1,K,7.032349,Lysekil,K
N02797,1484,2009,1,M,8.004779,Lysekil,K
N02797,1484,2009,1,T,7.55814,Lysekil,K
N02797,1484,2010,1,K,7.46888,Lysekil,K
N02797,1484,2010,1,M,8.353222,Lysekil,K
N02797,1484,2010,1,T,7.943626,Lysekil,K
N02797,1484,2011,1,K,6.240929,Lysekil,K
N02797,1484,2011,1,M,7.125307,Lysekil,K
N02797,1484,2011,1,T,6.719894,Lysekil,K
N02797,1484,2012,1,K,8.295626,Lysekil,K
N02797,1484,2012,1,M,6.617647,Lysekil,K
N02797,1484,2012,1,T,7.369844,Lysekil,K
N02797,1484,2013,1,K,7.248521,Lysekil,K
N02797,1484,2013,1,M,5.784062,Lysekil,K
N02797,1484,2013,1,T,6.464924,Lysekil,K
N02797,1484,2014,1,K,8.012327,Lysekil,K
N02797,1484,2014,1,M,8.28877,Lysekil,K
N02797,1484,2014,1,T,8.160344,Lysekil,K
N02797,1484,2015,1,K,8.899676,Lysekil,K
N02797,1484,2015,1,M,9.733333,Lysekil,K
N02797,1484,2015,1,T,9.356725,Lysekil,K
N02797,1484,2016,1,K,8.319185,Lysekil,K
N02797,1484,2016,1,M,9.960159,Lysekil,K
N02797,1484,2016,1,T,9.23994,Lysekil,K
N02797,1484,2017,1,K,8.419244,Lysekil,K
N02797,1484,2017,1,M,7.810321,Lysekil,K
N02797,1484,2017,1,T,8.083141,Lysekil,K
N02797,1484,2018,1,K,7.45234,Lysekil,K
N02797,1484,2018,1,M,6.87237,Lysekil,K
N02797,1484,2018,1,T,7.131783,Lysekil,K
N02797,1485,2007,1,K,7.414966,Uddevalla,K
N02797,1485,2007,1,M,6.123087,Uddevalla,K
N02797,1485,2008,1,K,6.937173,Uddevalla,K
N02797,1485,2008,1,M,6.499847,Uddevalla,K
N02797,1485,2008,1,T,6.71088,Uddevalla,K
N02797,1485,2009,1,K,8.910579,Uddevalla,K
N02797,1485,2009,1,M,9.096332,Uddevalla,K
N02797,1485,2009,1,T,9.005973,Uddevalla,K
N02797,1485,2010,1,K,7.806691,Uddevalla,K
N02797,1485,2010,1,M,7.768744,Uddevalla,K
N02797,1485,2010,1,T,7.787448,Uddevalla,K
N02797,1485,2011,1,K,6.554307,Uddevalla,K
N02797,1485,2011,1,M,8.058164,Uddevalla,K
N02797,1485,2011,1,T,7.317448,Uddevalla,K
N02797,1485,2012,1,K,7.772512,Uddevalla,K
N02797,1485,2012,1,M,9.221814,Uddevalla,K
N02797,1485,2012,1,T,8.508322,Uddevalla,K
N02797,1485,2013,1,K,7.560356,Uddevalla,K
N02797,1485,2013,1,M,8.230198,Uddevalla,K
N02797,1485,2013,1,T,7.899687,Uddevalla,K
N02797,1485,2014,1,K,7.428754,Uddevalla,K
N02797,1485,2014,1,M,7.685098,Uddevalla,K
N02797,1485,2014,1,T,7.558507,Uddevalla,K
N02797,1485,2015,1,K,9.472656,Uddevalla,K
N02797,1485,2015,1,M,8.084971,Uddevalla,K
N02797,1485,2015,1,T,8.769676,Uddevalla,K
N02797,1485,2016,1,K,7.499163,Uddevalla,K
N02797,1485,2016,1,M,6.959589,Uddevalla,K
N02797,1485,2016,1,T,7.223587,Uddevalla,K
N02797,1485,2017,1,K,6.844106,Uddevalla,K
N02797,1485,2017,1,M,6.533634,Uddevalla,K
N02797,1485,2017,1,T,6.683333,Uddevalla,K
N02797,1485,2018,1,K,6.011132,Uddevalla,K
N02797,1485,2018,1,M,6.750496,Uddevalla,K
N02797,1485,2018,1,T,6.401959,Uddevalla,K
N02797,1486,2007,1,K,5.351171,Strömstad,K
N02797,1486,2007,1,M,5.863192,Strömstad,K
N02797,1486,2008,1,K,6.741573,Strömstad,K
N02797,1486,2008,1,M,6.178862,Strömstad,K
N02797,1486,2008,1,T,6.462036,Strömstad,K
N02797,1486,2009,1,K,5.900151,Strömstad,K
N02797,1486,2009,1,M,6.81458,Strömstad,K
N02797,1486,2009,1,T,6.346749,Strömstad,K
N02797,1486,2010,1,K,4.96988,Strömstad,K
N02797,1486,2010,1,M,7.164634,Strömstad,K
N02797,1486,2010,1,T,6.060606,Strömstad,K
N02797,1486,2011,1,K,5.78635,Strömstad,K
N02797,1486,2011,1,M,5.3125,Strömstad,K
N02797,1486,2011,1,T,5.555556,Strömstad,K
N02797,1486,2012,1,K,5.247813,Strömstad,K
N02797,1486,2012,1,M,5.200594,Strömstad,K
N02797,1486,2012,1,T,5.22443,Strömstad,K
N02797,1486,2013,1,K,6.37037,Strömstad,K
N02797,1486,2013,1,M,4.668675,Strömstad,K
N02797,1486,2013,1,T,5.526512,Strömstad,K
N02797,1486,2014,1,K,6.505295,Strömstad,K
N02797,1486,2014,1,M,6.132075,Strömstad,K
N02797,1486,2014,1,T,6.322282,Strömstad,K
N02797,1486,2015,1,K,9.53125,Strömstad,K
N02797,1486,2015,1,M,11.802233,Strömstad,K
N02797,1486,2015,1,T,10.655091,Strömstad,K
N02797,1486,2016,1,K,12.050078,Strömstad,K
N02797,1486,2016,1,M,12.037037,Strömstad,K
N02797,1486,2016,1,T,12.043512,Strömstad,K
N02797,1486,2017,1,K,10.833333,Strömstad,K
N02797,1486,2017,1,M,8.9141,Strömstad,K
N02797,1486,2017,1,T,9.860312,Strömstad,K
N02797,1486,2018,1,K,9.347443,Strömstad,K
N02797,1486,2018,1,M,10.163934,Strömstad,K
N02797,1486,2018,1,T,9.770603,Strömstad,K
N02797,1487,2007,1,K,8.427797,Vänersborg,K
N02797,1487,2007,1,M,6.642567,Vänersborg,K
N02797,1487,2008,1,K,9.551945,Vänersborg,K
N02797,1487,2008,1,M,7.04475,Vänersborg,K
N02797,1487,2008,1,T,8.232276,Vänersborg,K
N02797,1487,2009,1,K,10.921502,Vänersborg,K
N02797,1487,2009,1,M,10.64877,Vänersborg,K
N02797,1487,2009,1,T,10.779281,Vänersborg,K
N02797,1487,2010,1,K,10.433935,Vänersborg,K
N02797,1487,2010,1,M,8.823529,Vänersborg,K
N02797,1487,2010,1,T,9.598686,Vänersborg,K
N02797,1487,2011,1,K,8.855186,Vänersborg,K
N02797,1487,2011,1,M,8.40488,Vänersborg,K
N02797,1487,2011,1,T,8.621095,Vänersborg,K
N02797,1487,2012,1,K,8.879185,Vänersborg,K
N02797,1487,2012,1,M,9.387943,Vänersborg,K
N02797,1487,2012,1,T,9.140293,Vänersborg,K
N02797,1487,2013,1,K,8.023483,Vänersborg,K
N02797,1487,2013,1,M,9.797608,Vänersborg,K
N02797,1487,2013,1,T,8.937885,Vänersborg,K
N02797,1487,2014,1,K,9.349593,Vänersborg,K
N02797,1487,2014,1,M,9.855881,Vänersborg,K
N02797,1487,2014,1,T,9.613984,Vänersborg,K
N02797,1487,2015,1,K,8.890058,Vänersborg,K
N02797,1487,2015,1,M,11.834601,Vänersborg,K
N02797,1487,2015,1,T,10.436954,Vänersborg,K
N02797,1487,2016,1,K,8.043033,Vänersborg,K
N02797,1487,2016,1,M,9.492169,Vänersborg,K
N02797,1487,2016,1,T,8.79527,Vänersborg,K
N02797,1487,2017,1,K,7.345845,Vänersborg,K
N02797,1487,2017,1,M,6.714286,Vänersborg,K
N02797,1487,2017,1,T,7.011349,Vänersborg,K
N02797,1487,2018,1,K,6.692694,Vänersborg,K
N02797,1487,2018,1,M,8.096789,Vänersborg,K
N02797,1487,2018,1,T,7.458143,Vänersborg,K
N02797,1488,2007,1,K,8.554572,Trollhättan,K
N02797,1488,2007,1,M,8.254438,Trollhättan,K
N02797,1488,2008,1,K,8.882083,Trollhättan,K
N02797,1488,2008,1,M,9.010297,Trollhättan,K
N02797,1488,2008,1,T,8.94838,Trollhättan,K
N02797,1488,2009,1,K,9.674608,Trollhättan,K
N02797,1488,2009,1,M,11.564812,Trollhättan,K
N02797,1488,2009,1,T,10.647299,Trollhättan,K
N02797,1488,2010,1,K,9.751327,Trollhättan,K
N02797,1488,2010,1,M,10.500131,Trollhättan,K
N02797,1488,2010,1,T,10.137875,Trollhättan,K
N02797,1488,2011,1,K,8.966648,Trollhättan,K
N02797,1488,2011,1,M,9.47286,Trollhättan,K
N02797,1488,2011,1,T,9.225634,Trollhättan,K
N02797,1488,2012,1,K,9.656121,Trollhättan,K
N02797,1488,2012,1,M,10.199844,Trollhättan,K
N02797,1488,2012,1,T,9.935897,Trollhättan,K
N02797,1488,2013,1,K,9.038777,Trollhättan,K
N02797,1488,2013,1,M,9.330522,Trollhättan,K
N02797,1488,2013,1,T,9.187232,Trollhättan,K
N02797,1488,2014,1,K,7.831325,Trollhättan,K
N02797,1488,2014,1,M,8.831377,Trollhättan,K
N02797,1488,2014,1,T,8.349461,Trollhättan,K
N02797,1488,2015,1,K,7.974389,Trollhättan,K
N02797,1488,2015,1,M,9.909166,Trollhättan,K
N02797,1488,2015,1,T,8.968737,Trollhättan,K
N02797,1488,2016,1,K,7.587028,Trollhättan,K
N02797,1488,2016,1,M,8.863955,Trollhättan,K
N02797,1488,2016,1,T,8.244297,Trollhättan,K
N02797,1488,2017,1,K,7.088761,Trollhättan,K
N02797,1488,2017,1,M,7.58133,Trollhättan,K
N02797,1488,2017,1,T,7.343476,Trollhättan,K
N02797,1488,2018,1,K,5.898789,Trollhättan,K
N02797,1488,2018,1,M,6.880601,Trollhättan,K
N02797,1488,2018,1,T,6.407186,Trollhättan,K
N02797,1489,2007,1,K,6.90943,Alingsås,K
N02797,1489,2007,1,M,6.805126,Alingsås,K
N02797,1489,2008,1,K,6.759176,Alingsås,K
N02797,1489,2008,1,M,7.516199,Alingsås,K
N02797,1489,2008,1,T,7.144427,Alingsås,K
N02797,1489,2009,1,K,7.739938,Alingsås,K
N02797,1489,2009,1,M,10.215517,Alingsås,K
N02797,1489,2009,1,T,8.99367,Alingsås,K
N02797,1489,2010,1,K,6.979866,Alingsås,K
N02797,1489,2010,1,M,8.003442,Alingsås,K
N02797,1489,2010,1,T,7.501645,Alingsås,K
N02797,1489,2011,1,K,6.315311,Alingsås,K
N02797,1489,2011,1,M,6.874189,Alingsås,K
N02797,1489,2011,1,T,6.601684,Alingsås,K
N02797,1489,2012,1,K,6.855025,Alingsås,K
N02797,1489,2012,1,M,6.820195,Alingsås,K
N02797,1489,2012,1,T,6.83722,Alingsås,K
N02797,1489,2013,1,K,7.471805,Alingsås,K
N02797,1489,2013,1,M,6.357856,Alingsås,K
N02797,1489,2013,1,T,6.905312,Alingsås,K
N02797,1489,2014,1,K,7.410972,Alingsås,K
N02797,1489,2014,1,M,7.436857,Alingsås,K
N02797,1489,2014,1,T,7.424099,Alingsås,K
N02797,1489,2015,1,K,7.320717,Alingsås,K
N02797,1489,2015,1,M,7.437234,Alingsås,K
N02797,1489,2015,1,T,7.380432,Alingsås,K
N02797,1489,2016,1,K,5.62595,Alingsås,K
N02797,1489,2016,1,M,6.226415,Alingsås,K
N02797,1489,2016,1,T,5.936966,Alingsås,K
N02797,1489,2017,1,K,6.508264,Alingsås,K
N02797,1489,2017,1,M,5.627086,Alingsås,K
N02797,1489,2017,1,T,6.050087,Alingsås,K
N02797,1489,2018,1,K,6.299213,Alingsås,K
N02797,1489,2018,1,M,5.862403,Alingsås,K
N02797,1489,2018,1,T,6.072058,Alingsås,K
N02797,1490,2007,1,K,7.558046,Borås,K
N02797,1490,2007,1,M,6.843864,Borås,K
N02797,1490,2008,1,K,7.317073,Borås,K
N02797,1490,2008,1,M,7.125382,Borås,K
N02797,1490,2008,1,T,7.220467,Borås,K
N02797,1490,2009,1,K,7.942511,Borås,K
N02797,1490,2009,1,M,9.280532,Borås,K
N02797,1490,2009,1,T,8.611825,Borås,K
N02797,1490,2010,1,K,6.797561,Borås,K
N02797,1490,2010,1,M,6.531398,Borås,K
N02797,1490,2010,1,T,6.664193,Borås,K
N02797,1490,2011,1,K,6.1473,Borås,K
N02797,1490,2011,1,M,6.08543,Borås,K
N02797,1490,2011,1,T,6.11632,Borås,K
N02797,1490,2012,1,K,6.934361,Borås,K
N02797,1490,2012,1,M,6.950375,Borås,K
N02797,1490,2012,1,T,6.942393,Borås,K
N02797,1490,2013,1,K,7.091346,Borås,K
N02797,1490,2013,1,M,7.234679,Borås,K
N02797,1490,2013,1,T,7.163195,Borås,K
N02797,1490,2014,1,K,5.901141,Borås,K
N02797,1490,2014,1,M,6.718464,Borås,K
N02797,1490,2014,1,T,6.30946,Borås,K
N02797,1490,2015,1,K,6.636618,Borås,K
N02797,1490,2015,1,M,7.797665,Borås,K
N02797,1490,2015,1,T,7.216735,Borås,K
N02797,1490,2016,1,K,6.758049,Borås,K
N02797,1490,2016,1,M,7.146223,Borås,K
N02797,1490,2016,1,T,6.953564,Borås,K
N02797,1490,2017,1,K,6.720078,Borås,K
N02797,1490,2017,1,M,6.69436,Borås,K
N02797,1490,2017,1,T,6.707071,Borås,K
N02797,1490,2018,1,K,5.943709,Borås,K
N02797,1490,2018,1,M,6.529761,Borås,K
N02797,1490,2018,1,T,6.241343,Borås,K
N02797,1491,2007,1,K,7.086614,Ulricehamn,K
N02797,1491,2007,1,M,5.961844,Ulricehamn,K
N02797,1491,2008,1,K,8.22838,Ulricehamn,K
N02797,1491,2008,1,M,6.816421,Ulricehamn,K
N02797,1491,2008,1,T,7.493956,Ulricehamn,K
N02797,1491,2009,1,K,8.634868,Ulricehamn,K
N02797,1491,2009,1,M,10.060514,Ulricehamn,K
N02797,1491,2009,1,T,9.377463,Ulricehamn,K
N02797,1491,2010,1,K,7.487521,Ulricehamn,K
N02797,1491,2010,1,M,8.136882,Ulricehamn,K
N02797,1491,2010,1,T,7.826778,Ulricehamn,K
N02797,1491,2011,1,K,6.655574,Ulricehamn,K
N02797,1491,2011,1,M,4.714829,Ulricehamn,K
N02797,1491,2011,1,T,5.641637,Ulricehamn,K
N02797,1491,2012,1,K,7.154742,Ulricehamn,K
N02797,1491,2012,1,M,7.435508,Ulricehamn,K
N02797,1491,2012,1,T,7.301587,Ulricehamn,K
N02797,1491,2013,1,K,7.219917,Ulricehamn,K
N02797,1491,2013,1,M,6.528418,Ulricehamn,K
N02797,1491,2013,1,T,6.86079,Ulricehamn,K
N02797,1491,2014,1,K,7.5,Ulricehamn,K
N02797,1491,2014,1,M,8,Ulricehamn,K
N02797,1491,2014,1,T,7.761807,Ulricehamn,K
N02797,1491,2015,1,K,6.939502,Ulricehamn,K
N02797,1491,2015,1,M,6.853583,Ulricehamn,K
N02797,1491,2015,1,T,6.893688,Ulricehamn,K
N02797,1491,2016,1,K,6.055209,Ulricehamn,K
N02797,1491,2016,1,M,6.298003,Ulricehamn,K
N02797,1491,2016,1,T,6.185567,Ulricehamn,K
N02797,1491,2017,1,K,7.596068,Ulricehamn,K
N02797,1491,2017,1,M,6.520031,Ulricehamn,K
N02797,1491,2017,1,T,7.023411,Ulricehamn,K
N02797,1491,2018,1,K,5.642923,Ulricehamn,K
N02797,1491,2018,1,M,7.102953,Ulricehamn,K
N02797,1491,2018,1,T,6.426735,Ulricehamn,K
N02797,1492,2007,1,K,8.091603,Åmål,K
N02797,1492,2007,1,M,4.94186,Åmål,K
N02797,1492,2008,1,K,7.8125,Åmål,K
N02797,1492,2008,1,M,6.434316,Åmål,K
N02797,1492,2008,1,T,7.070707,Åmål,K
N02797,1492,2009,1,K,10.752688,Åmål,K
N02797,1492,2009,1,M,9.214092,Åmål,K
N02797,1492,2009,1,T,9.935205,Åmål,K
N02797,1492,2010,1,K,8.513932,Åmål,K
N02797,1492,2010,1,M,7.350902,Åmål,K
N02797,1492,2010,1,T,7.900512,Åmål,K
N02797,1492,2011,1,K,8.736349,Åmål,K
N02797,1492,2011,1,M,9.543568,Åmål,K
N02797,1492,2011,1,T,9.164223,Åmål,K
N02797,1492,2012,1,K,10.37594,Åmål,K
N02797,1492,2012,1,M,8.57538,Åmål,K
N02797,1492,2012,1,T,9.43804,Åmål,K
N02797,1492,2013,1,K,10.153846,Åmål,K
N02797,1492,2013,1,M,7.994186,Åmål,K
N02797,1492,2013,1,T,9.043348,Åmål,K
N02797,1492,2014,1,K,10.049423,Åmål,K
N02797,1492,2014,1,M,8.645533,Åmål,K
N02797,1492,2014,1,T,9.300538,Åmål,K
N02797,1492,2015,1,K,11.165049,Åmål,K
N02797,1492,2015,1,M,11.143695,Åmål,K
N02797,1492,2015,1,T,11.153846,Åmål,K
N02797,1492,2016,1,K,12.993421,Åmål,K
N02797,1492,2016,1,M,8.898305,Åmål,K
N02797,1492,2016,1,T,10.790274,Åmål,K
N02797,1492,2017,1,K,9.499136,Åmål,K
N02797,1492,2017,1,M,6.113537,Åmål,K
N02797,1492,2017,1,T,7.661927,Åmål,K
N02797,1492,2018,1,K,9.13884,Åmål,K
N02797,1492,2018,1,M,7.902299,Åmål,K
N02797,1492,2018,1,T,8.458498,Åmål,K
N02797,1493,2007,1,K,6.021155,Mariestad,K
N02797,1493,2007,1,M,3.966006,Mariestad,K
N02797,1493,2008,1,K,6.645817,Mariestad,K
N02797,1493,2008,1,M,5.350938,Mariestad,K
N02797,1493,2008,1,T,5.960265,Mariestad,K
N02797,1493,2009,1,K,8.275862,Mariestad,K
N02797,1493,2009,1,M,9.862069,Mariestad,K
N02797,1493,2009,1,T,9.110708,Mariestad,K
N02797,1493,2010,1,K,7.164634,Mariestad,K
N02797,1493,2010,1,M,8.310249,Mariestad,K
N02797,1493,2010,1,T,7.764877,Mariestad,K
N02797,1493,2011,1,K,6.51022,Mariestad,K
N02797,1493,2011,1,M,6.337047,Mariestad,K
N02797,1493,2011,1,T,6.420022,Mariestad,K
N02797,1493,2012,1,K,7.716535,Mariestad,K
N02797,1493,2012,1,M,7.203994,Mariestad,K
N02797,1493,2012,1,T,7.447605,Mariestad,K
N02797,1493,2013,1,K,8.462733,Mariestad,K
N02797,1493,2013,1,M,9.375,Mariestad,K
N02797,1493,2013,1,T,8.933934,Mariestad,K
N02797,1493,2014,1,K,6.75,Mariestad,K
N02797,1493,2014,1,M,9.761388,Mariestad,K
N02797,1493,2014,1,T,8.362369,Mariestad,K
N02797,1493,2015,1,K,7.474227,Mariestad,K
N02797,1493,2015,1,M,8.913858,Mariestad,K
N02797,1493,2015,1,T,8.243297,Mariestad,K
N02797,1493,2016,1,K,7.470747,Mariestad,K
N02797,1493,2016,1,M,6.571655,Mariestad,K
N02797,1493,2016,1,T,6.992418,Mariestad,K
N02797,1493,2017,1,K,7.102804,Mariestad,K
N02797,1493,2017,1,M,5.688376,Mariestad,K
N02797,1493,2017,1,T,6.351292,Mariestad,K
N02797,1493,2018,1,K,5.339806,Mariestad,K
N02797,1493,2018,1,M,5.723906,Mariestad,K
N02797,1493,2018,1,T,5.545537,Mariestad,K
N02797,1494,2007,1,K,6.407767,Lidköping,K
N02797,1494,2007,1,M,5.082418,Lidköping,K
N02797,1494,2008,1,K,5.826622,Lidköping,K
N02797,1494,2008,1,M,5.644811,Lidköping,K
N02797,1494,2008,1,T,5.731763,Lidköping,K
N02797,1494,2009,1,K,7.625571,Lidköping,K
N02797,1494,2009,1,M,8.821035,Lidköping,K
N02797,1494,2009,1,T,8.245383,Lidköping,K
N02797,1494,2010,1,K,6.596906,Lidköping,K
N02797,1494,2010,1,M,8.449514,Lidköping,K
N02797,1494,2010,1,T,7.557503,Lidköping,K
N02797,1494,2011,1,K,6.425339,Lidköping,K
N02797,1494,2011,1,M,6.76068,Lidköping,K
N02797,1494,2011,1,T,6.600303,Lidköping,K
N02797,1494,2012,1,K,6.748746,Lidköping,K
N02797,1494,2012,1,M,7.679325,Lidköping,K
N02797,1494,2012,1,T,7.232084,Lidköping,K
N02797,1494,2013,1,K,6.111111,Lidköping,K
N02797,1494,2013,1,M,7.603588,Lidköping,K
N02797,1494,2013,1,T,6.887358,Lidköping,K
N02797,1494,2014,1,K,6.558935,Lidköping,K
N02797,1494,2014,1,M,8.369851,Lidköping,K
N02797,1494,2014,1,T,7.50114,Lidköping,K
N02797,1494,2015,1,K,6.865672,Lidköping,K
N02797,1494,2015,1,M,9.811828,Lidköping,K
N02797,1494,2015,1,T,8.415842,Lidköping,K
N02797,1494,2016,1,K,6.512605,Lidköping,K
N02797,1494,2016,1,M,8.325709,Lidköping,K
N02797,1494,2016,1,T,7.481663,Lidköping,K
N02797,1494,2017,1,K,6.78685,Lidköping,K
N02797,1494,2017,1,M,6.399236,Lidköping,K
N02797,1494,2017,1,T,6.582915,Lidköping,K
N02797,1494,2018,1,K,4.484063,Lidköping,K
N02797,1494,2018,1,M,6.391545,Lidköping,K
N02797,1494,2018,1,T,5.4716,Lidköping,K
N02797,1495,2007,1,K,5.980651,Skara,K
N02797,1495,2007,1,M,4.833333,Skara,K
N02797,1495,2008,1,K,7.569386,Skara,K
N02797,1495,2008,1,M,7.857734,Skara,K
N02797,1495,2008,1,T,7.714762,Skara,K
N02797,1495,2009,1,K,9.23825,Skara,K
N02797,1495,2009,1,M,10.378913,Skara,K
N02797,1495,2009,1,T,9.803922,Skara,K
N02797,1495,2010,1,K,6.99187,Skara,K
N02797,1495,2010,1,M,8.449549,Skara,K
N02797,1495,2010,1,T,7.717436,Skara,K
N02797,1495,2011,1,K,6.729131,Skara,K
N02797,1495,2011,1,M,6.836903,Skara,K
N02797,1495,2011,1,T,6.78392,Skara,K
N02797,1495,2012,1,K,7.360862,Skara,K
N02797,1495,2012,1,M,6.650246,Skara,K
N02797,1495,2012,1,T,6.989708,Skara,K
N02797,1495,2013,1,K,7.008086,Skara,K
N02797,1495,2013,1,M,8.590492,Skara,K
N02797,1495,2013,1,T,7.82872,Skara,K
N02797,1495,2014,1,K,8.187672,Skara,K
N02797,1495,2014,1,M,7.956449,Skara,K
N02797,1495,2014,1,T,8.066637,Skara,K
N02797,1495,2015,1,K,8.747515,Skara,K
N02797,1495,2015,1,M,6.876553,Skara,K
N02797,1495,2015,1,T,7.727067,Skara,K
N02797,1495,2016,1,K,8.843537,Skara,K
N02797,1495,2016,1,M,9.160959,Skara,K
N02797,1495,2016,1,T,9.012289,Skara,K
N02797,1495,2017,1,K,6.332993,Skara,K
N02797,1495,2017,1,M,5.253283,Skara,K
N02797,1495,2017,1,T,5.770171,Skara,K
N02797,1495,2018,1,K,5.672269,Skara,K
N02797,1495,2018,1,M,6.262231,Skara,K
N02797,1495,2018,1,T,5.97771,Skara,K
N02797,1496,2007,1,K,5.673106,Skövde,K
N02797,1496,2007,1,M,4.940711,Skövde,K
N02797,1496,2008,1,K,5.241338,Skövde,K
N02797,1496,2008,1,M,5.176664,Skövde,K
N02797,1496,2008,1,T,5.20774,Skövde,K
N02797,1496,2009,1,K,6.244451,Skövde,K
N02797,1496,2009,1,M,8.733388,Skövde,K
N02797,1496,2009,1,T,7.543164,Skövde,K
N02797,1496,2010,1,K,6.868452,Skövde,K
N02797,1496,2010,1,M,6.4092460000000004,Skövde,K
N02797,1496,2010,1,T,6.627088,Skövde,K
N02797,1496,2011,1,K,6.057971,Skövde,K
N02797,1496,2011,1,M,5.76769,Skövde,K
N02797,1496,2011,1,T,5.90688,Skövde,K
N02797,1496,2012,1,K,6.709829,Skövde,K
N02797,1496,2012,1,M,5.885472,Skövde,K
N02797,1496,2012,1,T,6.276151,Skövde,K
N02797,1496,2013,1,K,6.005378,Skövde,K
N02797,1496,2013,1,M,6.25,Skövde,K
N02797,1496,2013,1,T,6.135825,Skövde,K
N02797,1496,2014,1,K,5.279219,Skövde,K
N02797,1496,2014,1,M,6.167633,Skövde,K
N02797,1496,2014,1,T,5.755904,Skövde,K
N02797,1496,2015,1,K,5.225055,Skövde,K
N02797,1496,2015,1,M,5.718954,Skövde,K
N02797,1496,2015,1,T,5.489853,Skövde,K
N02797,1496,2016,1,K,5.021056,Skövde,K
N02797,1496,2016,1,M,4.765886,Skövde,K
N02797,1496,2016,1,T,4.883895,Skövde,K
N02797,1496,2017,1,K,4.662865,Skövde,K
N02797,1496,2017,1,M,4.420688,Skövde,K
N02797,1496,2017,1,T,4.532754,Skövde,K
N02797,1496,2018,1,K,4.533244,Skövde,K
N02797,1496,2018,1,M,4.448347,Skövde,K
N02797,1496,2018,1,T,4.487881,Skövde,K
N02797,1497,2007,1,K,6.696429,Hjo,K
N02797,1497,2007,1,M,6.150794,Hjo,K
N02797,1497,2008,1,K,6.290672,Hjo,K
N02797,1497,2008,1,M,5.6,Hjo,K
N02797,1497,2008,1,T,5.931322,Hjo,K
N02797,1497,2009,1,K,7.12743,Hjo,K
N02797,1497,2009,1,M,8.747515,Hjo,K
N02797,1497,2009,1,T,7.971014,Hjo,K
N02797,1497,2010,1,K,5.263158,Hjo,K
N02797,1497,2010,1,M,5.697446,Hjo,K
N02797,1497,2010,1,T,5.487805,Hjo,K
N02797,1497,2011,1,K,6.047516,Hjo,K
N02797,1497,2011,1,M,5.019305,Hjo,K
N02797,1497,2011,1,T,5.504587,Hjo,K
N02797,1497,2012,1,K,7.87234,Hjo,K
N02797,1497,2012,1,M,7.632094,Hjo,K
N02797,1497,2012,1,T,7.747197,Hjo,K
N02797,1497,2013,1,K,9.649123,Hjo,K
N02797,1497,2013,1,M,6.623932,Hjo,K
N02797,1497,2013,1,T,8.116883,Hjo,K
N02797,1497,2014,1,K,6.956522,Hjo,K
N02797,1497,2014,1,M,6.595745,Hjo,K
N02797,1497,2014,1,T,6.774194,Hjo,K
N02797,1497,2015,1,K,10.810811,Hjo,K
N02797,1497,2015,1,M,7.860262,Hjo,K
N02797,1497,2015,1,T,9.312639,Hjo,K
N02797,1497,2016,1,K,7.582938,Hjo,K
N02797,1497,2016,1,M,4.464286,Hjo,K
N02797,1497,2016,1,T,5.977011,Hjo,K
N02797,1497,2017,1,K,5.995204,Hjo,K
N02797,1497,2017,1,M,5.080831,Hjo,K
N02797,1497,2017,1,T,5.529412,Hjo,K
N02797,1497,2018,1,K,4.347826,Hjo,K
N02797,1497,2018,1,M,6.937799,Hjo,K
N02797,1497,2018,1,T,5.686032,Hjo,K
N02797,1498,2007,1,K,6.233062,Tidaholm,K
N02797,1498,2007,1,M,4.761905,Tidaholm,K
N02797,1498,2008,1,K,7.612903,Tidaholm,K
N02797,1498,2008,1,M,7.177033,Tidaholm,K
N02797,1498,2008,1,T,7.386716,Tidaholm,K
N02797,1498,2009,1,K,9.64467,Tidaholm,K
N02797,1498,2009,1,M,11.150235,Tidaholm,K
N02797,1498,2009,1,T,10.426829,Tidaholm,K
N02797,1498,2010,1,K,7.795699,Tidaholm,K
N02797,1498,2010,1,M,8.15155,Tidaholm,K
N02797,1498,2010,1,T,7.987616,Tidaholm,K
N02797,1498,2011,1,K,8.097166,Tidaholm,K
N02797,1498,2011,1,M,6.417736,Tidaholm,K
N02797,1498,2011,1,T,7.196496,Tidaholm,K
N02797,1498,2012,1,K,9.47226,Tidaholm,K
N02797,1498,2012,1,M,7.77512,Tidaholm,K
N02797,1498,2012,1,T,8.571429,Tidaholm,K
N02797,1498,2013,1,K,8.938547,Tidaholm,K
N02797,1498,2013,1,M,6.472081,Tidaholm,K
N02797,1498,2013,1,T,7.646277,Tidaholm,K
N02797,1498,2014,1,K,8.695652,Tidaholm,K
N02797,1498,2014,1,M,8.888889,Tidaholm,K
N02797,1498,2014,1,T,8.798883,Tidaholm,K
N02797,1498,2015,1,K,7.906977,Tidaholm,K
N02797,1498,2015,1,M,9.715026,Tidaholm,K
N02797,1498,2015,1,T,8.892025,Tidaholm,K
N02797,1498,2016,1,K,7.890744,Tidaholm,K
N02797,1498,2016,1,M,8.96921,Tidaholm,K
N02797,1498,2016,1,T,8.463727,Tidaholm,K
N02797,1498,2017,1,K,9.105431,Tidaholm,K
N02797,1498,2017,1,M,7.792208,Tidaholm,K
N02797,1498,2017,1,T,8.415466,Tidaholm,K
N02797,1498,2018,1,K,6.734007,Tidaholm,K
N02797,1498,2018,1,M,8.9802129999999991,Tidaholm,K
N02797,1498,2018,1,T,7.913669,Tidaholm,K
N02797,1499,2007,1,K,8.098794,Falköping,K
N02797,1499,2007,1,M,6.5722950000000004,Falköping,K
N02797,1499,2008,1,K,7.826087,Falköping,K
N02797,1499,2008,1,M,7.160741,Falköping,K
N02797,1499,2008,1,T,7.479802,Falköping,K
N02797,1499,2009,1,K,8.814103,Falköping,K
N02797,1499,2009,1,M,9.811695,Falköping,K
N02797,1499,2009,1,T,9.33162,Falköping,K
N02797,1499,2010,1,K,9.908945,Falköping,K
N02797,1499,2010,1,M,8.820565,Falköping,K
N02797,1499,2010,1,T,9.348221,Falköping,K
N02797,1499,2011,1,K,8.225108,Falköping,K
N02797,1499,2011,1,M,6.972112,Falköping,K
N02797,1499,2011,1,T,7.572614,Falköping,K
N02797,1499,2012,1,K,8.394366,Falköping,K
N02797,1499,2012,1,M,7.336108,Falköping,K
N02797,1499,2012,1,T,7.844198,Falköping,K
N02797,1499,2013,1,K,8.668904,Falköping,K
N02797,1499,2013,1,M,7.930672,Falköping,K
N02797,1499,2013,1,T,8.288191,Falköping,K
N02797,1499,2014,1,K,9.264621,Falköping,K
N02797,1499,2014,1,M,7.651992,Falköping,K
N02797,1499,2014,1,T,8.418157,Falköping,K
N02797,1499,2015,1,K,9.435096,Falköping,K
N02797,1499,2015,1,M,8.185245,Falköping,K
N02797,1499,2015,1,T,8.775916,Falköping,K
N02797,1499,2016,1,K,7.470912,Falköping,K
N02797,1499,2016,1,M,7.273707,Falköping,K
N02797,1499,2016,1,T,7.366007,Falköping,K
N02797,1499,2017,1,K,7.629256,Falköping,K
N02797,1499,2017,1,M,6.430518,Falköping,K
N02797,1499,2017,1,T,6.986261,Falköping,K
N02797,1499,2018,1,K,8.002561,Falköping,K
N02797,1499,2018,1,M,7.285873,Falköping,K
N02797,1499,2018,1,T,7.619048,Falköping,K
